Player,Team,Camera shake,FOV,Height,Angle,Distance,Stiffness,Swivel speed,Transition speed,Ball camera,Last updated
( april ),,No,110,110,-3.0,270,0.55,10.00,1.80,Toggle,2025-10-01
.pyyros,NC,No,110,100,-4.0,270,0.50,10.00,1.20,Toggle,2023-12-04
0ver Zer0,,No,110,90,-4.0,270,0.65,7.50,1.70,Toggle,2021-10-07
1zen,,No,110,110,-3.0,280,0.30,8.00,1.20,Toggle,2023-04-03
2Die4,,No,110,100,-3.0,270,0.40,10.00,1.40,Toggle,2024-06-30
2Piece,,No,110,90,-4.0,270,0.45,6.50,1.60,Toggle,2023-02-24
43,,No,110,110,-3.0,270,0.50,4.30,1.30,Toggle,2020-07-30
5bs,,No,110,100,-4.0,270,0.35,5.60,1.30,Toggle,2022-02-21
AJF,NRD,No,110,100,-3.0,270,0.35,10.00,1.50,Toggle,2025-03-18
ASN_RuBiiX,SNG,No,110,100,-5.0,270,0.55,6.20,1.20,Toggle,2022-08-13
AYYJAYY,GAS,No,109,90,-4.0,270,0.45,10.00,2.00,Toggle,2024-10-21
aZapatos,SDSU,No,110,100,-4.0,260,0.40,10.00,1.80,Toggle,2025-06-02
Abdulaziz,INF,No,110,100,-3.0,270,0.45,7.10,1.10,Toggle,2021-10-19
Abdullah,ROC,No,110,100,-3.0,270,0.35,5.00,1.10,Toggle,2025-02-17
abood.,INF,No,110,80,-5.0,270,0.40,5.00,1.00,Toggle,2022-04-29
Abscrazy,BDAW,No,110,100,-3.0,270,0.35,4.0,1.00,Toggle,2023-11-08
AbsorbentKarma,,No,110,110,-3.0,260,0.45,5.00,1.50,Toggle,2021-05-08
AbuLba,,No,110,110,-3.0,270,0.40,4.30,1.30,Toggle,2022-01-31
accro,2D1B,No,109,90,-4.0,270,0.45,10.00,1.70,Toggle,2024-08-17
acqua,,No,110,90,-4.0,270,0.40,2.90,1.50,Toggle,2021-05-31
AcroniK.,,No,110,100,-3.0,270,0.35,6.00,1.30,Toggle,2024-08-17
Addzey,,No,110,100,-4.0,270,0.45,5.20,1.00,Toggle,2019-08-14
Adverse,CRH,No,110,100,-4.0,270,0.40,4.70,1.20,Toggle,2022-02-07
Aech,CSU,No,110,100,-4.0,270,0.60,4.30,1.00,Toggle,2022-11-13
aenia,DB,No,110,100,-4.0,270,0.45,6.20,1.40,Toggle,2020-08-16
Aeon,,No,110,100,-5.0,270,0.45,4.00,1.30,Toggle,2021-05-08
Aero,DAP,No,110,90,-4.0,260,0.45,7.00,1.70,Toggle,2025-02-23
aguz,FO,No,110,100,-3.0,270,0.35,4.00,1.00,Toggle,2024-11-19
Ahduhm,NAH,No,110,100,-3.0,270,0.55,5.00,1.60,Toggle,2023-07-24
Ahmad,,No,110,90,-5.0,270,0.40,5.00,1.00,Toggle,2023-12-15
Aiipa,DAWN,No,110,90,-4.0,270,0.40,3.40,1.40,Toggle,2022-03-19
Aimz,,No,109,100,-4.0,270,0.40,6.00,1.40,Toggle,2022-01-02
Air,,No,110,110,-4.0,280,0.45,5.50,1.00,Toggle,2022-01-04
AjC,,No,110,100,-3.0,270,0.50,7.10,1.00,Toggle,2020-11-15
ajg,,No,110,100,-3.0,270,0.35,5.50,1.90,Toggle,2024-08-17
Akame,,No,110,100,-4.0,270,0.45,7.80,1.90,Toggle,2023-01-29
akikansu,,No,110,90,-4.0,260,0.60,6.00,1.20,Toggle,2020-11-04
alraz,BOLI,No,110,100,-4.0,280,0.40,2.90,1.10,Toggle,2022-10-25
Al Dente,,No,110,110,-3.0,260,0.60,10.00,1.20,Toggle,2019-02-07
Alanis,BSCO,No,110,110,-3.0,270,0,6.00,1.20,Toggle,2024-04-14
Aleksiii,ACCA,No,110,100,-3.0,270,0.40,5.00,1.50,Toggle,2020-10-30
alemz,,No,110,100,-3.0,270,0.30,6.20,1.70,Toggle,2024-10-23
Alex161,,No,110,100,-5.0,270,0.40,7.50,1.40,Toggle,2021-01-18
Alex837,HKE,No,110,110,-4.0,270,0.40,4.70,1.80,Toggle,2022-04-18
Ali.,,No,110,110,-3.0,270,0.55,4.00,1.40,Toggle,2021-10-17
alpe,,No,110,90,-5.0,270,0.35,10.00,2.00,Toggle,2024-07-13
Alpha54,VIT,No,110,110,-3.0,270,0.35,3.70,1.00,Toggle,2024-08-16
AlphaKep,STEP,No,110,100,-3.0,270,0.35,4.00,1.00,Toggle,2025-02-23
Alphha23,GVSU,No,110,100,-4.0,270,0.45,4.70,1.30,Toggle,2024-01-17
Alxx,NOM,No,110,100,-4.0,270,0.40,4.70,1.00,Toggle,2025-05-02
Alyiuu,DAWN,No,110,100,-4.0,260,0.60,4.70,1.40,Toggle,2022-02-11
amatel,YFM,No,109,100,-4.0,260,0.65,4.70,1.00,Toggle,2024-05-03
Amphis,TSM,No,110,100,-3.0,260,0.40,2.40,1.20,Toggle,2024-07-29
ams,ESP,No,110,100,-4.0,270,0.40,6.00,1.20,Toggle,2021-10-17
Andy,1,No,110,100,-4.0,270,0.45,5.00,1.40,Toggle,2025-01-19
Angel,WVU,No,110,90,-4.0,270,0.40,5.00,1.00,Toggle,2022-08-01
angie,,No,110,100,-3.0,270,0.55,5.00,1.50,Toggle,2021-03-17
AnoriQ,HKE,No,110,80,-3.0,270,0.30,4.30,1.20,Toggle,2025-06-08
Anthony8Pizza,SU,No,110,90,-5.0,270,0.45,10.00,1.50,Toggle,2022-10-09
Antix,BHC,No,109,90,-3.0,270,0.40,7.50,1.50,Toggle,2022-10-27
Anyeelo.,,No,110,110,-4.0,270,0.45,4.30,1.30,Toggle,2024-02-02
aoe_emp,,No,110,150,-1.0,270,0.50,4.50,1.30,Toggle,2020-06-23
ApparentlyJack,GK,No,110,100,-3.0,270,0.4,2.2,1.4,Toggle,2025-06-29
Apples_on_Anxiety,RBRN,No,110,100,-3.0,270,0.35,5.30,1.30,Toggle,2024-05-12
Aqua,BOYS,No,110,100,-5.0,270,0.40,4.70,1.20,Toggle,2020-12-15
arafar,ST1,No,110,90,-3.0,270,0.25,4.00,1.80,Toggle,2025-05-05
arceon,,No,110,100,-5.0,260,0.45,5.40,1.20,Toggle,2022-04-27
Arch,YFM,No,110,110,-4.0,310,0.40,10.00,1.70,Toggle,2021-10-22
Archie,M8,No,109,90,-4.0,270,0.60,2.00,1.20,Toggle,2024-07-30
aris,POAB,No,110,100,-3.0,270,0.35,4.00,1.00,Toggle,2023-12-15
arju,SHU,No,109,90,-5.0,260,0.40,4.00,1.30,Toggle,2025-01-17
Arrow,YFM,No,110,100,-4.0,280,0.40,1.00,1.00,Toggle,2022-01-22
Arsenal,FORT,No,110,100,-3.0,270,0.35,4.20,1.30,Toggle,2025-08-22
Artyrus,RAZN,No,110,110,-3.0,260,0.35,6.00,1.20,Toggle,2019-11-28
AryaNeil,,No,110,110,-4.0,270,0.40,8.00,1.80,Toggle,2021-10-15
Asher.,LOUD,No,110,90,-4.0,270,0.40,5.00,1.00,Toggle,2021-01-09
Ashllxyy,,No,110,90,-4.0,270,0.35,3.50,1.50,Toggle,2025-02-23
Asphyx,,No,110,100,-4.0,270,0.40,3.90,1.00,Toggle,2022-01-02
astro,,No,109,110,-3.0,260,0.60,3.80,1.00,Toggle,2023-04-25
Astroh,USM,No,110,90,-5.0,270,0.40,4.70,1.40,Toggle,2022-11-02
AtomiK,,No,109,90,-5.0,270,0.45,5.10,1.50,Toggle,2025-06-11
Atomic,NRG,No,110,100,-3.0,270,0.35,6.90,1.20,Toggle,2025-09-14
Atow.,KC,No,110,100,-3.0,270,0.40,4.20,1.40,Toggle,2024-12-20
Auriginal,,No,108,100,-3.0,270,0.65,5.00,1.00,Toggle,2022-03-20
Aurora,,No,110,90,-3.0,260,0.45,7.00,1.30,Toggle,2024-07-20
Avenger,,No,110,100,-3.0,270,0.50,5.00,1.70,Toggle,2020-12-06
Aviator,JUN,No,110,90,-4.0,270,0.40,10.00,1.50,Toggle,2023-05-22
Ayell,,No,110,110,-3.00,270,0.70,3.20,1.30,Toggle,2023-06-25
aygius,,No,110,90,-5.0,270,0.50,7.00,1.30,Toggle,2023-06-05
ayjacks,LSU,No,110,100,-4.0,270,0.40,4.50,1.00,Toggle,2022-05-19
Azara,,No,110,100,-3.0,260,0.40,6.60,1.40,Toggle,2023-11-01
Azfura,NRG,No,110,110,-3.0,270,0.45,6.00,1.20,Toggle,2022-09-28
Aziz,BSM,No,110,100,-3.0,270,0.35,5.00,1.80,Toggle,2023-10-23
Azmo,,No,110,100,-4.0,250,0.70,4.30,1.30,Toggle,2022-09-17
AztraL,,No,110,90,-4.0,270,0.40,6.00,1.40,Toggle,2025-05-25
Aztromick,MIBR,No,110,100,-5.0,270,0.40,4.00,1.00,Toggle,2024-10-20
boom,,No,110,90,-3.0,270,0.40,5.00,1.20,Hold,2021-05-09
B2seL,TV,No,110,100,-3.0,270,0.35,5.00,1.20,Toggle,2023-02-20
BJayB,,No,110,90,-4.0,260,0.50,6.00,1.20,Toggle,2021-01-01
BKQSS,,No,110,100,-3.0,270,0.40,6.40,1.50,Toggle,2025-01-31
Bacon,,No,110,90,-5.0,260,0.65,10.00,1.40,Toggle,2021-07-18
badnezz,SICK,No,110,100,-3.0,270,0.35,6.40,1.70,Toggle,2023-04-17
Bairechuu,,No,109,100,-4.0,270,0.60,7.00,1.70,Toggle,2024-02-02
Baked Potato,,No,110,100,-5.0,270,0.40,10.00,1.40,Toggle,2022-01-02
Bal,,No,110,90,-4.0,270,0.55,7.00,1.60,Toggle,2020-08-16
ballerrees,,No,110,110,-3.0,260,0.50,4.20,1.10,Toggle,2020-07-10
Bambii,UCF,No,110,90,-5.0,270,0.45,10.00,1.00,Toggle,2021-08-18
bananahead,WC,No,109,100,-3.0,270,0.45,6.70,1.40,Toggle,2025-02-16
Banane,DUCK,No,109,90,-4.0,270,0.45,10.00,1.20,Toggle,2022-05-14
Bands,,No,110,90,-3.0,270,0.45,3.20,1.80,Toggle,2024-12-16
Bang,TSG,No,110,90,-4.0,270,0.35,10.00,1.50,Toggle,2023-07-19
Banger,USF,No,110,100,-3.0,270,0.45,6.00,1.60,Toggle,2021-12-15
Barist,SCCGR,No,110,110,-4.0,270,0.50,10.00,1.60,Toggle,2022-05-03
Baz,,No,110,100,-2.0,260,0.15,5.60,1.30,Toggle,2023-01-29
BeastMode,NRG,No,109,90,-4.0,270,0.45,7.00,1.20,Toggle,2025-09-14
Beastaboniam,SIT,No,110,110,-3.0,270,0.50,5.30,1.30,Toggle,2021-05-09
beasty,,No,110,80,-5.0,270,0.35,10.00,1.50,Toggle,2024-05-30
Beeyu,,No,110,100,-4.0,280,0.45,7.00,1.20,Toggle,2021-05-30
Bella,GENG,No,110,90,-4.0,270,0.45,4.20,1.30,Toggle,2024-08-17
Bemmz,CHR,No,110,100,-4.0,270,0.35,5.00,1.90,Toggle,2024-07-13
Ben.,PUPS,No,109,100,-2.0,270,0.40,8.00,1.20,Toggle,2024-04-28
bibbaba,NOM,No,110,90,-4.0,260,0.40,4.00,1.50,Toggle,2025-01-18
Big-E,IU,No,110,110,-4.0,280,0.40,4.20,1.10,Toggle,2023-04-03
BigFoot,,No,110,110,-3.0,270,0.50,3.00,1.50,Toggle,2023-05-07
Bigrooster,MACC,No,110,100,-3.0,260,0.55,7.00,1.50,Toggle,2023-03-26
Bilbo,,No,110,100,-4.0,270,0.40,6.00,1.20,Toggle,2022-03-27
billy,YY,No,109,90,-4.0,270,0.60,3.00,1.60,Toggle,2024-05-26
bishop,,No,110,100,-4.0,270,0.40,4.20,1.40,Toggle,2023-07-24
Bits,UCF,No,110,100,-4.0,270,0.40,5.00,1.00,Toggle,2021-05-09
Blackstrike,VLT,No,110,90,-4.0,270,0.40,7.70,1.40,Toggle,2020-10-06
Blanks,MIZZ,No,110,100,-3.0,260,0.45,4.20,1.30,Toggle,2021-05-09
blaze.,BBC,No,109,90,-3.0,270,0.30,8.00,1.20,Toggle,2023-07-24
Blue,,No,110,100,-5.0,270,0.40,5.50,1.70,Toggle,2021-10-02
bluey.,,No,110,90,-4.0,270,0.35,7.00,1.20,Toggle,2022-04-28
Blurry,,No,110,90,-4.0,220,0.45,7.30,1.60,Toggle,2024-12-27
bmendes,,No,110,100,-3.0,270,0.45,4.20,1.20,Toggle,2023-01-22
Bobsto,FLP,No,110,100,-4.0,260,0.45,7.0,1.2,Toggle,2021-10-26
Bolti,DUB,No,110,90,-4.0,270,0.45,10,1.50,Toggle,2025-03-11
bora,TL,No,110,100,-3.0,270,0.40,5.00,1.50,Toggle,2025-02-02
Borito B,,No,110,100,-3.0,260,1.00,2.50,1.00,Toggle,2019-01-15
BoscoBoy,,No,110,100,-4.0,270,0.40,4.00,1.30,Toggle,2025-05-05
boy974s,,No,110,100,-4.0,290,0.45,4.20,1.00,Toggle,2022-01-24
brad,CHR,No,110,100,-3.0,270,0.35,5.10,1.60,Toggle,2025-05-30
Bram.,,No,110,110,-4.0,260,0.60,3.20,1.00,Toggle,2022-04-22
bran,PSU,No,110,100,-4.0,270,0.40,5.20,1.20,Toggle,2022-05-08
Bread2k,POR,No,109,90,-4,280,0.60,10.00,2.00,Toggle,2023-03-16
Breezi,CHI,No,110,100,0.0,250,0.5,8.00,1.40,Toggle,2025-03-16
Brenox,86,No,110,90,-4.0,270,0.40,5.00,1.00,Toggle,2021-02-08
breyyn,PAY,No,110,90,-4.0,270,0.40,7.00,1.30,Toggle,2021-12-30
Broc,DUB,No,110,100,-3.0,270,0.45,5.50,1.50,Toggle,2024-10-18
Brocli,OUKS,No,110,90,-5.0,270,0.45,6.00,1.80,Toggle,2023-03-10
BrohnB,LSU,No,110,110,-5.0,270,0.40,6.20,1.20,Toggle,2021-06-03
Broken,UL,No,110,100,-4.0,270,0.45,2.40,1.20,Toggle,2022-04-06
Brownie,,No,110,110,-3.0,260,0.60,3.60,1.00,Toggle,2020-05-14
bruhkay,GNXK,No,110,90,-4.0,270,0.35,4.00,1.00,Toggle,2023-05-19
bruz,DTP,No,110,110,-3.0,270,0.35,3.20,1.20,Toggle,2022-11-25
Bryza,R4G,No,110,100,-4.0,270,0.35,6.30,1.30,Toggle,2022-07-16
Bubz,,No,110,100,-3.0,260,0.25,10.00,1.40,Toggle,2022-03-16
Buddha,,No,110,110,-5.0,210,0.50,4.00,1.00,Toggle,2020-09-27
Buddy,,No,110,110,-3.0,270,0.50,5.50,1.50,Toggle,2023-07-24
Buffy,,No,109,100,-5.0,270,0.50,5.00,1.60,Toggle,2022-03-11
Bullzzeye,BBB,No,110,100,-4.0,270,0.55,3.30,1.00,Toggle,2022-11-09
Bumpin,,No,110,100,-3.0,280,0.35,5.00,1.20,Toggle,2025-02-17
BunnyDummy,,No,108,90,-4.0,280,0.40,5.00,1.00,Toggle,2022-04-28
Burn,DST,No,110,100,-5.0,270,0.40,3.90,1.20,Toggle,2025-03-14
Burnie,MST,No,110,100,-4.0,270,0.40,5.50,1.40,Toggle,2021-06-11
Busse,CLDM,No,110,110,-3.0,260,0.40,6.50,1.40,Toggle,2022-04-27
buzz,,No,110,110,-3.0,270,0.50,3.0,1.00,Toggle,2021-05-09
ByMateos,,No,110,100,-3.0,270,0.60,2.50,1.20,Toggle,2021-05-09
Byra,DU,No,110,100,-4.0,260,0.45,5.30,1.20,Toggle,2025-01-15
cAbdllah,OFF,No,110,90,-5.0,270,0.35,5.50,1.30,Toggle,2025-02-23
caiotg1,SUN,No,109,110,-4.0,260,0.60,10.00,2.00,Hold,2022-07-29
CHEESE.,FUT,No,110,90,-5.0,270,0.35,7.00,1.30,Toggle,2025-01-19
CJM,,No,110,90,-4.0,230,0.70,4.00,1.20,Toggle,2021-05-09
caard,SUN,No,110,110,-4.0,270,0.50,10.00,2.00,Toggle,2023-03-03
cal,,No,110,90,-5.0,270,0.35,5.00,1.00,Toggle,2020-11-23
Caleb,,No,110,100,-3.0,270,0.35,8.00,1.40,Toggle,2024-12-06
callyøh,EEA,No,109,100,-3.0,270,0.40,4.60,1.30,Toggle,2022-10-17
Cam,DUB,No,110,90,-3.0,270,0.45,4.10,1.60,Toggle,2025-10-03
carca,,No,110,100,-4.0,250,0.40,7.50,1.80,Toggle,2022-04-18
Cass,BPC,No,110,110,-4.0,270,0.40,5.00,1.50,Toggle,2023-04-17
Catalysm,PDLC,No,110,100,-5.0,270,0.40,7.30,1.40,Toggle,2023-07-31
cavemanben,,No,109,100,-5.0,270,0.45,4.30,1.30,Toggle,2021-05-09
caz,,No,110,90,-2.0,270,0.50,8.70,1.90,Toggle,2021-05-09
ceeva,,No,110,100,-3.0,270,0.65,6.60,1.40,Toggle,2021-05-09
cg.,ISU,No,110,90,-4.0,270,0.35,6.00,1.20,Toggle,2025-05-17
change,,No,110,100,-4.0,270,0.45,6.50,1.50,Toggle,2021-05-09
CharlieB,CLNT,No,110,90,-5.0,270,0.35,6.50,1.40,Toggle,2023-02-13
Chausette45,ST,No,110,100,-4.0,270,0.45,10.00,1.30,Toggle,2022-08-13
Cheerio,,No,110,100,-5.0,260,0.45,5.20,1.30,Toggle,2022-12-12
Cheery,RBRN,No,110,100,-3.0,240,0.40,4.70,1.40,Toggle,2020-04-17
chez,,No,110,100,-3.0,260,0.65,4.00,1.80,Toggle,2023-07-23
Chicago,,No,110,100,-3.0,270,0.40,4.70,1.30,Toggle,2025-01-19
Chik'n,,No,110,100,-3.0,270,0.40,4.00,1.00,Toggle,2024-03-16
chikage,INF,No,110,100,-5.0,270,0.40,7.10,1.10,Toggle,2021-10-16
chilli,OCU,No,110,100,-4.0,270,0.40,4.00,1.30,Toggle,2020-09-05
Chippy,CC,No,110,110,-5.0,260,0.75,5.00,1.60,Toggle,2021-05-30
Choxic,MIZZ,No,110,100,-3.0,270,0.45,5.00,1.20,Toggle,2022-04-27
chr1s,,No,109,100,-3.0,270,0.45,10.00,2.00,Toggle,2021-08-12
ChristianW,,No,110,100,-3.0,270,0.45,10.00,1.20,Toggle,2022-01-24
Chrisx888,,No,110,100,-3.0,270,0.5,6.00,1.20,Toggle,2022-01-13
Chronic,,No,110,90,-4.0,270,0.35,5.00,1.30,Toggle,2023-07-23
Chronomia,ACND,No,110,110,-4.0,250,0.50,4.00,1.40,Toggle,2025-03-09
Chub,MACC,No,110,110,-3.0,250,0.55,8.10,1.70,Toggle,2021-04-26
ckeno,,No,109,90,-5.0,270,0.40,6.70,1.40,Toggle,2022-02-26
Clairity,,No,110,100,-4.0,270,0.60,5.00,1.40,Toggle,2022-10-16
classiiik,DZMF,No,110,90,-5.0,270,0.35,6.80,1.50,Toggle,2025-05-13
Claven,,No,110,100,-4.0,270,0.35,7.00,1.70,Toggle,2024-06-07
Claw-Z,,No,110,100,-4.0,260,0.60,5.30,1.50,Toggle,2022-04-27
ClayX,,No,110,100,-4.0,270,0.45,5.00,1.00,Hold,2021-05-09
Cleverly,RH,No,110,100,-3.0,270,0.35,5.00,1.40,Toggle,2023-03-17
Cloudy.,,No,109,100,-3.0,260,0.55,6.00,1.40,Toggle,2023-10-09
Cmoney,MISS,No,110,100,-5.0,270,0.45,4.7,1.20,Toggle,2021-07-01
CoCo,UU,No,110,110,-3.0,270,0.35,4.60,1.30,Toggle,2020-10-19
coKaaa,TOTS,No,110,100,-3.0,270,0.35,1.60,1.20,Toggle,2021-05-09
Cobbo,SKRM,No,110,110,-3.0,250,0.50,2.50,1.10,Toggle,2021-11-18
cocoo,AH,No,108,110,-6.0,270,0.45,4.20,1.00,Toggle,2022-07-22
CokeHUN,MTK,No,110,100,-4.0,260,0.70,5.00,1.80,Toggle,2021-10-17
Cokita,MEX,No,110,100,-4.0,270,0.40,7.00,1.60,Toggle,2021-08-08
Comm,,No,110,100,-4.0,270,0.45,3.20,1.00,Toggle,2025-01-17
Commutator,,No,110,110,-4.0,270,0.95,7.50,1.60,Toggle,2022-05-13
Comp,SAP,No,110,90,-4.0,270,0.45,7.00,1.40,Toggle,2022-09-15
Compact,,No,110,90,-4.0,270,0.40,7.00,1.20,Toggle,2024-07-25
Continuum,,No,110,100,-3.0,270,0.40,6.00,1.00,Toggle,2021-10-19
Corrosive,RHG,No,110,90,-4.0,270,0.40,5.00,1.00,Toggle,2020-05-06
CosmicFlippy,CCS,No,109,110,-3.0,260,0.60,4.70,1.00,Toggle,2022-05-17
Courtney,TFO,No,110,100,-4.0,270,0.40,5.00,1.00,Toggle,2022-11-26
Crave,ES,No,110,100,-3.0,270,0.45,5.00,1.60,Toggle,2020-09-29
Crazy,RET,No,110,90,-2.0,280,0.65,7.70,1.40,Toggle,2020-03-25
creamyy,MF,No,110,90,-5.0,270,0.40,4.20,1.50,Toggle,2023-06-30
Creamz,NU,No,110,100,-3.0,270,0.35,6.70,1.40,Toggle,2025-01-17
Creed,SKRM,No,110,100,-4.0,300,0.45,2.50,1.80,Toggle,2022-10-23
creed,GENT,No,110,90,-3.0,240,0.70,6.50,1.40,Toggle,2024-05-21
Crespt,CAPS,No,110,90,-5.0,270,0.35,5.00,2.00,Toggle,2025-05-01
Crimson,,No,110,110,-4.0,250,0.60,7.00,1.20,Toggle,2022-09-05
Crimz,MIZZ,No,109,90,-4.0,270,0.45,3.00,1.20,Toggle,2025-02-23
Crispy,PPS,No,110,100,-3.0,270,0.30,10.00,1.70,Toggle,2025-01-19
crn,TS,No,110,100,-3.0,280,0.45,10.00,1.80,Toggle,2022-01-30
CrowsShinyWings,,No,110,100,-4.0,260,0.60,5.00,1.50,Toggle,2021-07-15
crr,,No,110,90,-5.0,270,0.35,6.00,1.50,Toggle,2025-05-11
Cryptic,CC,No,110,100,-5.0,270,0.40,4.70,1.20,Toggle,2022-01-02
cx9,,No,110,100,-3.0,270,0.35,10.00,1.00,Toggle,2023-04-30
Cynical,,No,110,90,-3.0,260,0.45,4.50,1.20,Toggle,2021-05-09
Cyrix,,No,110,100,-5.0,260,0.50,6.00,1.00,Toggle,2021-05-09
D3Funct,,No,110,100,-3.0,260,0.45,10.00,1.40,Toggle,2023-05-21
D7oMQ.,DFIH,No,110,90,-5.0,270,0.50,3.60,1.20,Toggle,2024-06-07
d7oom-24,FLCN,No,110,100,-3.0,270,0.50,7.00,1.40,Toggle,2021-10-10
DAYYS!,,No,110,90,-5.0,270,0.35,6.90,1.60,Toggle,2025-05-20
DaSnakesnake,LMIX,No,110,100,-3.0,270,0.35,4.40,1.40,Toggle,2024-06-01
dabbe,FF,No,110,100,-3.0,270,0.35,5.00,1.40,Toggle,2025-03-02
Dadooh,,No,110,110,-3.0,270,0.35,4.70,1.40,Toggle,2021-05-09
daffy,,No,110,90,-5.0,270,0.45,5.60,1.00,Toggle,2023-01-23
Daisu,,No,110,100,-5.0,270,0.40,3.50,1.20,Toggle,2022-09-17
Dalton,UTD,No,110,100,-5.0,270,0.40,4.50,1.50,Toggle,2021-05-06
dan,,No,110,110,-4.0,250,0.40,4.70,1.20,Toggle,2022-04-27
Daniel,NRG,No,110,90,-6.0,260,0.55,4.70,1.20,Toggle,2025-10-24
Dansku,DAP,No,110,110,-3,270,0.40,10.0,1.20,Toggle,2021-12-04
Dappluto,OVER,No,109,90,-4.0,270,0.45,5.60,1.70,Toggle,2022-10-27
Dappur,,No,110,100,-4.0,270,0.45,6.00,1.20,Toggle,2021-07-22
Dapz,,No,110,100,-4.0,290,0.65,8.40,1.30,Toggle,2022-05-30
Dark,CLDM,No,110,110,-3.0,290,0.40,5.00,1.30,Toggle,2021-07-01
Dark(?),,No,110,90,-5.0,270,0.40,10.00,1.50,Toggle,2025-05-26
darklight,,No,110,90,-5.0,270,0.40,8.00,1.60,Toggle,2023-08-08
Darou,,No,110,90,-6.0,270,0.40,5.00,1.20,Toggle,2022-04-19
Darth.,,No,108,100,-3.0,270,0.35,10.00,1.70,Toggle,2023-06-11
Data,,No,110,110,-3.0,280,0.45,4.70,1.20,Toggle,2021-05-09
davinsano,TS,No,109,100,-3.0,270,0.45,6.20,1.30,Toggle,2022-10-17
Davitrox,SHI,No,110,100,-2.0,260,0.45,4.20,2.00,Toggle,2021-12-15
davoof,PMR,No,110,90,-4.0,270,0.40,7.00,1.40,Toggle,2021-03-25
dayyshift,FB,No,110,100,-4.0,270,0.40,7.40,1.70,Toggle,2025-02-16
Daze,,No,110,100,-2.0,250,0.55,6.00,1.20,Toggle,2021-05-09
Dead-Monster,20S,No,110,100,-4.0,270,0.40,10.00,1.30,Toggle,2022-08-18
Declan,,No,110,100,-3.0,270,0.35,4.70,1.30,Toggle,2022-10-17
Decxp,SU,No,110,90,-3.0,270,0.40,5.40,1.10,Toggle,2023-10-20
Deevo,,No,109,90,-4.0,270,0.45,8.00,1.50,Toggle,2023-03-13
dvo,,No,110,100,-3.0,270,0.35,4.00,1.00,Toggle,2025-05-18
defzzy,,No,110,90,-4.0,260,0.45,5.10,1.50,Toggle,2021-07-02
Del1very.,MCB,No,110,100,-3.0,270,0.35,7.20,1.40,Toggle,2023-08-28
delta,BOLI,No,110,110,-3.0,270,0.45,4.10,1.00,Toggle,2022-10-21
Demo,,No,110,100,-4.0,270,0.40,4.20,1.80,Toggle,2021-07-15
Demonator,UCF,No,110,90,-4.0,250,0.55,7.00,1.30,Toggle,2021-05-09
deprvty,,No,110,100,-4.0,270,0.70,7.00,1.60,Toggle,2021-07-13
devan,GMU,No,110,100,-4.0,260,0.60,5.50,1.00,Toggle,2023-03-28
Dezu,,No,110,90,-4.0,270,0.40,6,1.40,Toggle,2021-06-11
diaz,SHM,No,110,90,-5.0,270,0.35,5.50,1.40,Toggle,2025-06-25
diaz,,No,110,100,-3.0,270,0.35,4.70,1.20,Toggle,2025-06-28
Didris,,No,110,100,-3.0,270,0.45,5.00,1.00,Toggle,2021-05-09
Dino,,No,110,100,-5.0,270,0.40,5.00,1.00,Toggle,2021-03-19
dixa,CLDA,No,110,90,-3.0,240,0.45,5.50,1.40,Toggle,2025-07-27
DmentZa,,No,110,90,-4.0,270,0.40,4.50,1.30,Toggle,2021-03-29
dno.,AFW,No,110,100,-5.0,280,0.50,6.00,1.40,Toggle,2024-03-19
Dogu,,No,90,110,-3.0,260,0.30,2.50,1.00,Toggle,2021-05-09
doomayn,TOTS,No,110,100,-4.0,270,0.35,7.20,1.20,Toggle,2021-12-10
Doomsee,,No,105,110,-4.0,270,0.60,10.00,1.10,Toggle,2021-05-09
Dorito,FLR,No,110,100,-4.0,270,0.40,4.50,1.40,Toggle,2024-10-20
DrKnown,QAD,No,110,100,-3.0,270,0.45,5.00,1.50,Toggle,2025-01-11
dralii,FLCN,No,110,90,-6.0,260,0.55,4.20,1.40,Toggle,2025-08-07
Draz,,No,110,80,-6.0,290,0.55,5.00,1.50,Toggle,2025-04-01
dreaz,,No,110,100,-3.0,270,0.40,8.00,1.20,Toggle,2023-04-28
Dripinho,SU,No,110,100,-4,270,0.45,4.00,1.20,Toggle,2023-04-20
Drippay,,No,110,110,-3.0,280,0.50,5.00,1.00,Toggle,2021-05-09
drku.,,No,110,90,-5,270,0.35,4.70,1.80,Toggle,2025-04-22
droppz,CHR,No,109,100,-3.0,270,0.35,6.00,1.80,Toggle,2025-05-30
Druee,,No,110,100,-3.0,270,0.45,4.50,1.30,Toggle,2022-07-23
DRUFINHO,TS,No,110,100,-3.0,280,0.40,10.00,2.00,Toggle,2021-08-12
Duck,ACE,No,110,110,-3.0,280,0.45,5.50,1.00,Toggle,2020-11-24
Duckz,,No,110,90,-4.0,270,0.40,7.00,1.20,Toggle,2024-08-17
Duis,,No,110,130,-5.0,270,0.45,4.50,1.20,Toggle,2021-05-09
Duklaz,,No,110,100,-4.0,270,0.40,3.80,1.40,Toggle,2023-07-03
durtho,BSU,No,110,100,-5.0,270,0.04,4.70,1.20,Toggle,2020-08-13
Duskippy,,No,110,90,-4.0,290,0.40,4.50,1.20,Toggle,2021-05-10
Dying,,No,110,100,-4.0,270,0.35,7.00,1.30,Toggle,2022-10-23
ELMP,,No,90,110,-3.0,260,0.30,2.50,1.00,Hold,2021-05-10
Easel,,No,110,100,-4.0,270,0.80,6.20,1.60,Toggle,2021-07-02
Easy,JUMP,No,110,100,-5.0,270,0.40,5.00,1.20,Toggle,2021-08-10
echo.,KU,No,109,90,-4.0,270,0.45,5.50,1.60,Toggle,2023-02-01
Eclispe,,No,110,90,-5.0,270,0.35,4.20,1.50,Toggle,2024-05-06
eco,GB,No,110,100,-3.0,270,0.35,4.00,1.00,Toggle,2025-10-24
edu,MRLS,No,110,100,-5.0,270,0.45,10.00,2.00,Toggle,2022-04-03
eekso,GK,No,109,100,-3.0,270,0.45,3.30,1.30,Toggle,2025-01-19
ejby,2D1B,No,110,100,-3.0,290,0.15,5.50,1.00,Toggle,2022-04-27
ElOmarMaton,,No,110,100,-4.0,270,0.40,4.20,1.50,Toggle,2021-11-13
EleXiT.,ATZE,No,110,110,-5.0,270,1.00,5.50,1.70,Toggle,2022-12-25
electro,MMFS,No,110,100,-5.0,270,0.45,4.70,1.30,Toggle,2021-10-13
EliakimZA,LFO,No,110,100,-4.0,230,0.50,5.00,1.50,Toggle,2021-11-02
ellusive,,No,110,100,-5.0,280,0.65,3.00,1.00,Toggle,2020-08-19
EmilVald,ÞÓR,No,110,90,-5.0,270,0.35,7.00,1.30,Toggle,2023-05-19
Emma,HBS,No,109,100,-4.0,260,0.45,4.70,1.20,Toggle,2022-11-26
emre,,No,110,90,-4.0,260,0.45,4.70,1.30,Toggle,2023-03-13
EmsJ,,No,110,90,-4.0,260,0.45,4.70,1.20,Toggle,2022-12-04
energizer,AFW,No,110,100,-3.0,270,0.35,6.50,1.10,Toggle,2024-02-17
Enforcer,,No,110,100,-4.0,270,0.30,4.20,1.50,Toggle,2024-11-24
Enlid,,No,108,110,-3.0,260,0.65,4.00,1.00,Toggle,2021-08-06
ErdemPie_,,No,110,100,-3.0,260,0.5,6.5,1.1,Toggle,2022-04-27
Eris,SHM,No,110,90,-4.0,270,0.40,3.00,1.10,Toggle,2021-04-08
Erv,YY,No,110,90,-5.0,270,0.35,5.10,1.50,Toggle,2025-05-09
Espeon,,No,110,110,-5.0,280,0.70,7.50,1.50,Toggle,2019-08-09
Esperia,,No,110,90,-4.0,270,0.40,6.00,1.90,Toggle,2023-03-26
Ethxn,,No,110,100,-3.00,270,0.30,4.00,1.50,Toggle,2023-05-23
euxsy,,No,110,90,-5.0,270,0.35,6.00,1.80,Toggle,2025-02-23
Evample,PLS,No,110,100,-3.0,280,0.30,4.00,1.00,Toggle,2025-10-06
Even,,No,110,100,-5.0,270,0.40,2.00,1.50,Toggle,2022-02-13
Ever,SEL,No,109,100,-3.0,270,0.35,8.90,1.90,Toggle,2025-01-05
EviIL42,,No,110,100,-5.0,270,0.40,4.40,1.40,Toggle,2022-04-26
Evoh,BOYS,No,110,100,-3.0,270,0.35,4.20,1.00,Toggle,2025-07-10
Excelst,AFCE,No,110,100,-5.0,270,0.40,5.60,1.20,Toggle,2022-10-8
ExoTiiK,VIT,No,110,110,-3.0,270,0.50,4.00,1.00,Toggle,2024-09-22
Exorari,COLD,No,110,90,-2.0,270,0.45,7.00,1.70,Toggle,2023-08-08
Express,,No,110,100,-4.0,260,0.50,4.00,1.30,Toggle,2020-10-28
extendo,,No,110,100,-3.0,270,0.40,10.00,1.50,Toggle,2022-04-27
EyeIgnite,,No,109,100,-3.0,270,0.35,6.00,1.00,Toggle,2020-02-18
FNSi,RNDS,No,110,100,-3.0,270,0.35,2.50,1.00,Toggle,2025-01-10
Fabso,SCC,No,110,100,-3.0,280,0.35,2.50,1.10,Toggle,2023-06-04
Fades,TSRN,No,110,90,-4.0,270,0.45,4.70,1.40,Toggle,2022-10-02
Fahad,,No,110,100,-3.0,260,0.50,9.80,1.30,Toggle,2021-10-17
Fahad506,FAN,No,110,90,-5.0,270,0.35,5.10,1.50,Toggle,2025-01-07
Fairy Peak!,ST,No,110,100,-3.0,270,0.35,4.70,1.40,Toggle,2023-12-26
Faisal,,No,110,100,-3.0,270,0.40,7.20,1.20,Toggle,2021-10-17
Fal,UA,No,109,100,-3.0,270,0.45,7.10,1.20,Toggle,2022-06-02
Falss,FC,No,110,100,-5.0,270,0.40,4.70,1.20,Toggle,2020-04-15
Fast,LSF,No,110,100,-3.0,270,0.35,8.40,1.20,Toggle,2024-05-19
Faykow.,,No,110,100,-3.0,260,0.40,3.00,1.20,Toggle,2019-04-29
Fbi,OFF,No,110,100,-5.0,280,0.55,4.50,1.80,Toggle,2023-05-04
Fearless,,No,110,110,-4.0,280,0.35,2.70,1.30,Toggle,2020-05-08
Fefe,,No,110,90,-3.0,240,0.55,10.00,1.60,Toggle,2023-03-05
Fera,,No,110,100,-3.0,270,0.35,4.00,1.00,Toggle,2025-03-17
Fever,WC,No,110,100,-5.0,270,0.40,8.10,1.30,Toggle,2024-08-09
Fibérr,,No,110,100,-3.0,270,0.45,10.00,1.50,Toggle,2025-02-16
Ficeo,NDR,No,110,90,-5.0,270,0.35,4.00,1.20,Toggle,2025-10-22
Firas,,No,110,90,-4.0,260,0.40,5.10,1.00,Toggle,2020-07-08
fire,,No,110,90,-5.0,270,0.50,6.00,1.00,Toggle,2019-10-06
FirefoxD,LUK,No,110,100,-5.0,270,0.40,10.00,1.50,Toggle,2021-10-01
FiremanJonas,MOON,No,108,110,-3.0,260,0.65,7.80,1.70,Toggle,2023-03-16
Firstkiller,SR,No,110,90,-5.0,270,0.35,6.90,1.20,Toggle,2025-02-03
fishhr,TWT,No,110,90,-3.0,250,0.70,7.10,1.10,Toggle,2020-08-13
Fiv3Up,UA-B,No,110,100,-3.0,270,0.35,7.50,1.50,Toggle,2025-01-17
FkToR,POD,No,110,90,-4.0,270,0.35,4.20,1.20,Toggle,2023-05-01
Flakes,,No,107,100,-5.0,310,1.00,8.00,1.50,Toggle,2023-12-15
Flarke,,No,110,100,-4.0,270,0.40,4.20,1.40,Toggle,2019-02-16
Flasheeyy,,No,110,90,-3.0,230,0.60,9.00,1.70,Toggle,2021-12-30
fleikoo,SCL,No,110,90,-5.0,270,0.35,7.50,1.50,Toggle,2023-07-01
flexx,GOD,No,110,110,-3.0,240,0.60,6.00,1.00,Toggle,2024-09-18
Flitz,FORT,No,110,100,-3.0,270,0.35,6.00,1.60,Toggle,2025-02-23
Flo,CLDA,No,110,90,-3.0,240,0.45,5.50,1.60,Toggle,2025-07-27
Forece,WOO,No,110,90,-5.0,270,0.35,7.00,1.60,Toggle,2025-02-17
Forky,SNOW,No,110,100,-4.0,270,0.45,3.90,1.50,Toggle,2023-12-14
Fortymula7,,No,109,100,-4.0,270,0.50,6.00,1.40,Toggle,2022-04-27
Foxy,,No,110,100,-4.0,270,0.45,3.00,1.40,Toggle,2021-08-09
Frag,,No,110,100,-4.0,270,0.50,4.70,1.20,Toggle,2020-08-19
Frenchie,ZORN,No,109,90,-4.0,270,0.40,3.50,1.50,Toggle,2025-02-23
Frenzyy,,No,110,100,-5.0,270,0.40,4.70,1.20,Toggle,2021-03-19
Freshness,ACE,No,110,100,-4.0,270,0.50,4.20,1.00,Toggle,2020-07-07
Friction,UNT,No,110,100,-4.0,270,0.45,4.30,1.00,Toggle,2021-10-16
Friis,,No,110,100,-3.0,280,0.25,5.00,1.50,Toggle,2019-07-18
Frostbite,MIZZ,No,110,80,-5.0,280,0.40,5.00,1.50,Toggle,2025-02-23
frosty,FUT,No,110,90,-3.0,270,0.40,7.00,1.60,Toggle,2025-06-15
Froze,SHU,No,110,100,-6.0,270,0.50,10.00,1.60,Toggle,2023-01-24
Fsol,GK,No,110,90,-4.0,270,0.45,6.50,1.50,Toggle,2024-02-02
furane,,No,110,100,-5.0,270,0.40,10.00,1.40,Toggle,2025-05-14
furlashh,,No,110,100,-3.0,270,0.45,4.00,1.40,Toggle,2024-01-03
Fusion77,,No,110,90,-5.0,260,0.45,3.90,1.40,Toggle,2025-02-17
Fusure,,No,109,100,-3.0,270,0.50,7.50,1.00,Toggle,2022-11-26
GCR710,,No,110,110,-3.0,280,0.45,6.00,1.20,Toggle,2019-04-27
gReazymeister,,No,110,90,-4.0,260,0.70,9.90,1.70,Toggle,2020-03-08
Gadaira,GGF,No,110,100,-4.0,270,0.40,4.00,1.50,Toggle,2025-04-25
Galaxy,WRG,No,110,90,-4.0,270,0.40,5.00,1.70,Toggle,2023-12-12
Gambit,,No,110,90,-4.0,270,0.40,2.00,1.00,Hold,2020-09-20
Gamble,123,No,110,100,-3.0,270,0.35,6.10,1.80,Toggle,2025-04-26
Gawfs,,No,110,90,-4.0,270,0.35,6.00,1.70,Toggle,2024-05-15
gear,TRME,No,110,100,-3.0,270,0.4,6.90,1.50,Toggle,2023-05-30
Gekk,,No,110,100,-5.0,270,0.35,4.20,1.10,Toggle,2021-09-29
Gengar,WMU,No,110,200,-3.0,400,1.00,10.00,1.00,Toggle,2021-02-10
Genocop,,No,110,100,-3.0,270,0.50,2.50,1.00,Toggle,2020-09-05
Ghaazi,ROC,No,110,100,-5.0,270,0.40,10.00,1.80,Toggle,2025-01-19
ghost.,INVB,No,110,100,-5.0,270,0.25,5.00,1.60,Toggle,2025-05-05
Ghost,UTD,No,110,100,-3.0,270,0.45,8.00,1.40,Toggle,2021-06-06
Ghost,,No,110,100,-3.0,270,0.50,5.00,1.00,Toggle,2020-03-25
Ghost.,,No,109,100,-4.0,270,0.40,10.00,1.20,Toggle,2022-01-13
Gian,,No,110,110,-6.0,270,0.70,7.90,1.80,Toggle,2020-04-16
Gib,,No,110,100,-4.0,270,0.40,10.0,1.30,Toggle,2022-04-27
Gil,BSU,No,110,90,-4.0,200,0.45,4.50,2.00,Toggle,2023-03-11
gimmick,,No,110,100,-3.0,270,0.35,10.00,1.00,Toggle,2023-03-03
GiuK,,No,110,100,-3.00,270,0.35,5.00,2.00,Toggle,2024-07-01
Glfty,STMK,No,110,90,-5.0,270,0.50,6.10,1.80,Toggle,2024-02-16
Glowz,,No,110,100,-4.0,280,0.55,5.00,1.20,Toggle,2022-02-12
gman,ZOO,No,110,100,-4.0,270,0.55,5.40,1.40,Toggle,2025-05-07
Gnagflow06,BPX,No,109,100,-3.0,270,0.55,3.00,1.30,Toggle,2024-10-22
Godsmilla,,No,110,90,-4.0,270,0.50,1.40,1.20,Toggle,2021-04-20
Gogi.,MTK,No,110,100,-5.0,260,0.70,3.50,1.50,Toggle,2022-12-09
GoldNiNja,,No,110,100,-5.0,270,0.30,8.00,1.50,Toggle,2023-10-26
Gomb,,No,110,100,-5.0,270,0.35,4.10,1.00,Toggle,2022-03-31
Gon,,No,110,110,-2.0,270,0.40,6.00,1.00,Toggle,2021-10-29
Gonk,,No,110,110,-3.0,270,0.70,3.20,1.40,Toggle,2020-12-22
gorocksgo,,No,110,100,-3.0,270,0.40,7.10,1.10,Toggle,2020-08-19
Gramma,NOE,No,110,100,-3.0,270,0.40,4.00,1.20,Toggle,2024-08-08
Greeen,RR,No,110,90,-3.0,270,0.40,6.80,1.20,Toggle,2024-08-27
grills,,No,110,100,-4.0,270,0.50,6.00,1.40,Toggle,2020-07-07
growlii,,No,110,100,-3.0,240,0.70,6.00,1.70,Toggle,2023-06-14
gske,CCS,No,110,90,-4.0,270,0.4,5.00,1.30,Toggle,2022-11-07
guh,STEP,No,110,100,-3.0,270,0.35,1.60,1.60,Toggle,2025-06-15
gunz,,No,110,100,-3.0,270,0.45,10.00,1.30,Toggle,2023-05-27
gus,,No,110,90,-5.0,270,0.35,7.00,1.40,Toggle,2025-02-16
Gyro.,,No,110,100,-3.0,270,0.35,7.00,1.30,Toggle,2025-01-19
Gyzow,SQ,No,110,110,-4.0,260,1.00,4.90,1.40,Toggle,2021-10-20
HMO,YY,No,110,100,-5.0,270,0.40,4.00,1.20,Toggle,2022-10-06
Haberkamper,LUK,No,110,100,-3.0,270,0.40,4.20,1.20,Toggle,2021-08-13
Halcyon,,No,110,110,-3.0,270,0.35,2.50,1.00,Toggle,2018-09-12
Happymeal,,No,110,110,-4.0,260,0.40,5.00,1.50,Toggle,2020-11-08
Hargun,,No,110,100,-4.0,260,0.45,5.80,1.40,Toggle,2021-04-13
Hartmann,SNT,No,110,110,-3.0,270,0.40,4.20,1.70,Toggle,2022-04-24
Hasyim,NDR,No,110,90,-5.0,270,0.50,6.00,1.00,Toggle,2021-06-25
Hatem,OFF,No,110,90,-3.0,270,0.35,9.00,1.20,Toggle,2021-11-12
Hato,,No,110,90,-4.0,270,0.45,7.00,1.30,Toggle,2020-08-19
Haven,DSQ,No,110,100,-3.0,270,0.35,6.00,1.20,Toggle,2023-02-25
Hawk,SKRM,No,110,100,-2.0,240,0.60,4.50,1.20,Toggle,2024-07-18
hazo,,No,109,90,-4.0,270,0.45,6.00,1.70,Toggle,2025-01-19
hec,,No,110,100,-5.0,270,0.40,7.20,1.10,Toggle,2021-05-30
Helix,MOM,No,110,100,-3.0,270,0.35,4.70,1.60,Toggle,2025-02-17
HepsKid,,No,110,90,-4.0,270,0.45,7.40,1.40,Toggle,2020-06-24
Hero,ORYX,No,110,100,-3.0,280,0.35,10.00,1.40,Toggle,2023-03-12
hesi,SNOW,No,110,100,-3.0,270,0.50,8.00,1.10,Toggle,2023-10-08
Hexic.,,No,110,90,-3.0,270,0.40,10.00,1.50,Toggle,2025-04-21
hibbs,,No,110,100,-5.0,270,0.40,10.00,1.30,Toggle,2022-04-24
Hireo,,No,108,100,-4.0,270,0.5,6.00,1.50,Toggle,2022-01-02
Hisoka,ESP,No,110,100,-4.0,270,0.40,6.00,1.40,Toggle,2022-12-25
hntr,,No,110,100,-3.0,270,0.40,10.00,1.50,Toggle,2025-10-07
hockE,NU,No,110,100,-3.0,270,0.30,4.00,1.50,Toggle,2025-01-17
hockser,BOYS,No,110,100,-3.0,270,0.35,3.00,1.60,Toggle,2025-01-19
hoei,,No,110,100,-4.0,260,0.45,5.50,1.50,Toggle,2023-04-30
Hooups,MYRE,No,110,110,-3.0,270,0.15,3.00,1.20,Toggle,2022-03-20
HotWheelsSid,,No,110,110,-3.0,280,0.40,5.00,1.00,Toggle,2025-10-01
Hughesy,ZORN,No,110,90,-5.0,270,0.60,7.00,1.60,Toggle,2020-11-19
hxll0.,SNZ,No,110,100,-4.0,270,0.45,4.30,1.10,Toggle,2025-01-10
Hyderr,,No,109,90,-3.0,260,0.20,3.00,1.20,Toggle,2022-04-27
Hyrole,BPX,No,110,100,-4.0,270,0.40,7.50,1.70,Toggle,2023-06-29
hyziix.,,No,110,90,-4.0,260,0.45,7.50,2.00,Toggle,2025-05-22
iRicky01,,No,110,100,-5.0,270,0.40,6.00,1.00,Toggle,2022-04-27
iSL6Nii,,No,110,90,-5.0,270,0.40,5.10,1.30,Toggle,2025-05-07
iSharrieff,RHG,No,110,90,-4.0,270,0.40,10.00,1.30,Toggle,2021-05-29
ianpinheiro,OVER,No,110,100,-3.0,270,0.50,5.00,1.20,Toggle,2025-05-30
icon,,No,110,100,-3.0,270,0.45,7.00,2.00,Toggle,2024-01-02
Icy,,No,109,100,-3.0,270,0.40,7.80,1.80,Toggle,2021-12-30
imatthew55,,No,110,100,-3.0,250,0.35,3.70,1.00,Toggle,2023-10-06
Imminent,MNN,No,110,100,-5.0,270,0.60,4.70,1.10,Toggle,2020-12-03
ImpacT,,No,110,90,-3.0,260,0.40,5.90,1.50,Toggle,2019-02-18
Impoh,,No,110,100,-4.0,270,0.65,4.20,1.40,Toggle,2023-10-08
impressive,,No,110,100,-3.0,270,0.45,7.00,1.50,Toggle,2019-02-25
indigo,,No,110,100,-3.0,270,0.35,4.70,1.30,Toggle,2025-02-23
Inferno,,No,110,90,-4.0,270,0.50,5.00,1.00,Toggle,2023-03-16
Insolences,,No,110,100,-4.0,270,0.45,6.00,1.60,Toggle,2022-07-15
insp1re,,No,110,100,-3.0,270,0.35,5.60,1.90,Toggle,2025-02-17
Inspire,,No,110,90,-3.0,260,0.40,6.00,1.70,Toggle,2024-03-01
instinqt,,No,108,100,-4.0,270,0.35,3.00,1.40,Toggle,2023-03-11
Interlude19,,No,109,100,-3.0,270,0.45,7.20,1.50,Toggle,2025-05-23
Iryzer,,No,110,90,-5.0,270,0.35,5.90,1.50,Toggle,2024-03-04
isRakan,,No,110,100,-5.0,270,0.40,4.20,1.20,Toggle,2024-05-18
itachi,,No,110,110,-3.0,270,0.60,9.00,1.00,Toggle,2024-12-23
itzmarion,CP,No,110,100,-3.0,270,0.40,4.70,1.20,Toggle,2023-10-18
ivan,,No,110,90,-4.0,270,0.35,4.30,1.60,Toggle,2023-07-28
ivn,GER,No,110,90,-5.0,270,0.35,3.00,1.80,Toggle,2022-10-23
ix,DFIH,No,110,100,-4.0,270,0.40,7.50,1.40,Toggle,2021-10-15
jB0X,,No,110,90,-5.0,270,0.35,6.20,1.50,Toggle,2024-05-26
JD,COLD,No,110,110,-4.0,270,0.50,10.00,1.00,Toggle,2022-01-02
JG,MMFS,No,110,90,-5.0,270,0.35,10.00,1.90,Toggle,2023-11-13
JJPrezus,MEX,No,110,100,-3.0,270,0.55,6.10,1.40,Toggle,2020-08-14
JKfoshizzle,LC,No,110,100,-4.0,270,0.45,7.00,1.40,Toggle,2022-03-17
JPow,,No,110,100,-5.0,270,0.40,4.70,1.50,Toggle,2021-05-30
JSM,,No,110,100,-4.0,270,0.50,4.70,1.50,Toggle,2022-02-19
JWeyts,SICK,No,110,90,-3.0,270,0.15,4.50,1.00,Toggle,2022-05-03
JWismont,,No,110,100,-5.0,270,0.10,5.80,1.20,Toggle,2020-03-08
Jacob,,No,110,100,-3.0,240,0.65,4.20,1.40,Toggle,2023-08-09
JamaicanCoconut,FORT,No,110,100,-5.0,270,0.40,9.00,1.70,Toggle,2025-07-24
quint,RWE,No,110,90,-3.0,280,0.50,4.00,1.60,Toggle,2025-01-27
JarelNaden,,No,110,110,-3.0,280,0.45,5.00,1.50,Toggle,2021-07-17
Jarno,FLOP,No,110,110,-3.0,270,0.35,6.00,1.20,Toggle,2021-07-02
jasper,FCF,No,110,100,-5.0,270,0.40,4.20,1.30,Toggle,2022-08-06
jauum,,No,109,90,-4.0,270,0.45,9.50,1.90,Toggle,2021-11-04
Jay,,No,110,100,-4.0,260,0.45,10.00,1.60,Toggle,2023-07-24
Jazii,SCCGR,No,110,100,-3.0,270,0.35,7.20,1.70,Toggle,2025-01-19
Jbot,,No,110,100,-4.0,270,0.35,4.20,1.30,Toggle,2022-04-25
Jeff,COS,No,110,90,-3.0,280,0.50,7.00,1.70,Toggle,2022-05-30
Jelly,,No,110,90,-4.0,270,0.45,4.20,1.50,Toggle,2020-10-04
jelly.,NOM,No,109,100,-4.0,270,0.35,5.00,1.40,Toggle,2024-05-15
Jerome in da bath,,No,110,90,-5.0,270,0.50,6.00,1.50,Toggle,2021-11-11
Jerry,ZAVE,No,110,100,-3.0,270,0.70,4.40,1.10,Toggle,2023-07-17
jeyer,BRV,No,110,110,-4.0,270,0.35,4.70,1.30,Toggle,2024-11-11
Jiga.,,No,110,110,-3.0,270,0.40,4.30,1.30,Toggle,2021-11-06
Jiggi,SAL,No,110,90,-5.0,270,0.45,4.00,1.60,Toggle,2022-04-25
jimmo,RET,No,110,100,-3.0,270,0.35,5.40,1.50,Toggle,2024-03-01
jocse,,No,110,90,-4.0,270,0.40,10.00,1.20,Toggle,2022-01-19
jojocats,,No,110,100,-5.0,270,0.45,4.00,1.00,Toggle,2019-11-05
Jordan,,No,110,90,-4.0,260,0.40,5.00,1.40,Toggle,2023-07-24
Joreuz,,No,110,100,-3.0,270,0.35,4.70,1.20,Toggle,2025-06-29
jori,,No,110,100,-5.0,260,0.60,4.20,1.20,Toggle,2022-04-27
Joro,,No,110,100,-4.0,240,0.50,4.00,1.50,Toggle,2019-02-18
JosherSquasher,GMU,No,110,100,-4.0,270,0.45,4.70,1.40,Toggle,2021-08-09
Jota,,No,110,80,-5.0,270,0.1,5.10,1.50,Toggle,2022-08-20
Joyo,GK,No,110,90,-5.0,270,0.35,6.00,1.40,Toggle,2025-05-04
jruss,,No,110,100,-4.0,270,0.50,4.20,1.20,Toggle,2020-07-07
jstn.,GENG,No,110,100,-3.0,270,0.35,4.70,1.30,Toggle,2023-12-15
Juan,,No,110,100,-3.0,270,0.45,10.00,1.70,Toggle,2020-02-20
juck,,No,110,100,-3.0,270,0.40,6.00,1.40,Toggle,2022-01-09
juicy,KC,No,110,90,-4.0,270,0.45,7.00,1.20,Toggle,2025-01-21
Julz,,No,110,90,-4.0,270,0.45,4.00,1.20,Toggle,2020-03-25
Jup.,CC,No,110,100,-3.0,270,0.50,4.60,1.50,Toggle,2024-06-03
Jushu,,No,110,100,-4.0,280,0.35,4.00,1.50,Toggle,2024-03-09
justuszzz,FC,No,110,110,-3.0,270,0.30,9.70,1.50,Toggle,2023-03-27
jzmmm.,,No,110,90,-3.0,270,0.35,10.00,2.00,Toggle,2025-10-22
Jösh.,BOB,No,110,100,-3.0,270,0.40,4.00,1.80,Toggle,2025-09-22
KAKA0/\MAME.,,No,110,100,-5.0,270,0.35,8.70,1.30,Toggle,2022-05-06
kahzii,CBL,No,110,100,-3.0,270,0.45,10.00,1.40,Toggle,2025-09-03
Kai99jr,UO,No,110,100,-3.0,280,0.40,4.20,1.00,Toggle,2020-06-29
Kaizen,,No,110,110,-3.0,270,0.55,6.50,1.00,Toggle,2021-07-17
kaka,TSM,No,110,90,-5.0,270,0.35,4.80,1.40,Toggle,2025-02-09
Kalistiik,,No,110,100,-5.0,270,0.50,5.00,1.20,Toggle,2022-10-02
kamal,,No,109,90,-3.0,270,0.15,4.70,1.40,Toggle,2021-09-26
Kamii,,No,110,100,-5.0,270,0.45,4.20,1.20,Toggle,2022-08-05
kamz,,No,110,100,-5.0,270,0.40,10.00,1.20,Toggle,2022-04-27
Kanra,,No,110,100,-4.0,270,0.45,6.00,1.20,Toggle,2019-06-25
Kaotik,,No,110,90,-4.0,280,0.25,6.10,1.50,Toggle,2022-09-19
Karim,PSU,No,109,110,-3.0,290,0.70,2.50,1.00,Toggle,2022-05-06
karma,,No,110,100,-3.0,270,0.35,5.50,1.40,Toggle,2022-04-21
Kash,,No,110,90,-4.0,280,0.35,5.20,2.00,Toggle,2024-05-10
kate,GENG,No,110,100,-3.0,270,0.35,10.00,1.60,Toggle,2024-08-17
Kaydop,,No,110,100,-3.0,270,0.35,4.00,1.00,Toggle,2025-07-10
kayex,,No,110,90,-4.0,270,0.40,7.50,1.20,Toggle,2021-12-29
kccolts81,KU,No,110,130,-4.0,290,1.00,6.40,1.00,Toggle,2021-06-01
Keever,MYI,No,110,110,-4.0,280,0.40,3.80,1.40,Toggle,2020-09-11
Kehvn,R5M,No,110,100,-3.0,270,0.35,7.00,1.50,Toggle,2025-02-17
Kekkles,,No,110,100,-3.0,270,0.40,10.00,1.70,Toggle,2024-02-12
kekkoz,TCK,No,110,100,-5.0,270,0.40,5.5,1.5,Toggle,2024-09-24
Kenny Salmon,,No,110,110,-3.0,270,0.50,3.00,1.20,Toggle,2020-03-26
kenzo,,No,109,90,-4.0,270,0.45,6.40,1.20,Toggle,2021-06-23
Keta,,No,110,90,-5.0,290,0.40,6.00,1.50,Toggle,2023-02-01
Kevin,PDLC,No,109,90,-4.0,260,0.55,3.30,1.30,Toggle,2022-10-10
Kevinacho,TNB,No,110,100,-3.0,270,0.35,4.00,1.90,Toggle,2025-01-26
kfrost,GGF,No,110,100,-4.0,270,0.40,6.00,1.60,Toggle,2025-02-17
Khan,RPV,No,110,100,-3.0,270,0.35,6.50,1.30,Toggle,2025-01-28
Khrade,,No,110,100,-3.0,270,0.45,5.00,1.50,Toggle,2024-01-28
Kia,,No,110,100,-3.0,270,0.50,3.50,1.20,Toggle,2020-08-19
kiermonsterr,LHDP,No,110,100,-3.0,260,0.55,4.50,1.40,Toggle,2023-02-08
Kiernan,,No,109,100,-5.0,270,0.35,3.70,1.00,Toggle,2021-12-30
Kiileerrz,FLCN,No,110,100,-5.0,270,0.40,10.00,1.50,Toggle,2025-06-29
Killerno7,,No,110,110,-3.0,270,0.45,5.00,1.30,Toggle,2018-09-12
Killero,GNR,No,109,110,-3.0,260,0.60,7.10,1.40,Toggle,2022-04-27
King,777,No,110,100,-4.0,270,0.55,5.40,1.80,Toggle,2022-05-30
Kingjs,COR3,No,110,100,-4.0,270,0.40,7.00,1.70,Toggle,2021-12-14
KINSEH,GMU,No,109,90,-4.0,250,0.70,7.00,1.20,Toggle,2023-03-03
Kiralina,HBS,No,110,100,-2.0,260,0.20,5.10,1.10,Toggle,2022-11-26
kirii,,No,110,100,-5.0,270,0.40,7.30,1.20,Toggle,2022-11-09
kirn,WUB,No,110,100,-3.0,260,0.60,10,1.70,Toggle,2021-01-20
kisaï,WOO,No,110,90,-5.0,270,0.35,5.50,1.40,Toggle,2025-02-17
Kito,FARM,No,110,90,-5.0,270,0.50,4.10,1.30,Toggle,2021-08-06
Klassux,,No,110,110,-3.0,280,0.45,4.90,1.20,Toggle,2019-04-08
klaus,TPS,No,110,90,-5.0,270,0.35,420,1.4,Toggle,2025-05-30
KnS,MOON,No,110,100,-3.0,270,0.35,6.20,1.30,Toggle,2025-05-31
Knauff,CR,No,110,100,-4.0,270,0.40,7.00,1.40,Toggle,2022-04-21
Knight,DB,No,110,110,-2.0,270,0.50,3.50,1.50,Toggle,2022-07-19
KnightYuh,CU,No,110,110,-4.0,270,0.40,7.00,1.20,Toggle,2023-10-30
kofyr,SR,No,110,100,-3.0,270,0.35,4.00,1.00,Toggle,2025-01-19
Kraziks,GMP,No,110,100,-5.0,260,0.55,5.00,1.60,Toggle,2020-09-28
Krepezy,NHNP,No,110,90,-3.0,240,0.20,7.20,1.30,Toggle,2025-05-23
Krilin,RT,No,110,100,-5.0,260,0.60,8.50,2.00,Toggle,2021-11-05
kristian,SCC,No,110,90,-5.0,270,0.35,8.00,1.30,Toggle,2025-01-08
kroado,,No,110,100,-3.0,280,0.50,2.50,1.00,Toggle,2024-02-02
Kryptos,,No,109,100,-3.0,270,0.40,4.30,1.30,Toggle,2022-10-09
Kuipier,,No,110,90,-5.0,270,0.50,4.40,1.40,Toggle,2025-05-07
kuxir97,NOE,No,110,100,-3.0,270,0.55,5.00,1.20,Hold,2024-04-11
kv1,TS,No,110,100,-5.0,270,0.30,10.00,2.00,Toggle,2024-10-20
Kylo,,No,109,90,-4.0,270,0.40,6.50,1.70,Toggle,2024-04-28
Kérian,ST,No,110,100,-3.0,260,0.70,5.00,1.00,Toggle,2024-07-10
LCT,,No,110,100,-3.0,270,0.45,6.70,1.20,Toggle,2022-03-03
LED,,No,110,90,-4.0,270,0.45,6.00,1.80,Toggle,2024-05-27
LEGEND.,,No,110,110,-3.0,280,0.75,4.00,1.20,Toggle,2021-08-23
LGGS.,,No,110,100,-5.0,270,0.35,7.00,1.60,Toggle,2024-05-09
LXS,VUB,No,110,110,-3.0,270,0.45,8.00,1.20,Toggle,2022-12-25
Lachinio,,No,110,110,-3.0,280,0.45,5.00,1.20,Toggle,2019-08-09
LagLy,PDV,No,109,90,-3.0,270,0.55,8.00,1.80,Toggle,2024-01-29
Lamp,,No,109,100,-4.0,260,0.45,6.80,1.50,Toggle,2023-04-03
Lasa,CC,No,110,110,-3.0,270,0.35,3.00,1.20,Toggle,2024-10-22
Laucha,PDV,No,109,110,-4.00,270,0.45,5.50,1.90,Toggle,2021-04-12
Lauty,DGG,No,110,110,-4.0,290,0.40,5.00,1.20,Toggle,2021-01-18
Laxin,,No,110,100,-3.0,270,0.35,4.50,1.30,Toggle,2025-02-16
Lazybear,ST1,No,110,100,-5.00,270,0.45,10.00,1.40,Toggle,2022-04-05
Le Duck,,No,110,110,-3.0,290,1.00,10.00,1.60,Toggle,2020-03-26
leland,,No,110,110,-7.0,280,0.55,7.5,1.5,Toggle,2020-10-08
Lemonpuppy,,No,110,110,-5.0,260,0.40,6.90,1.20,Toggle,2022-04-26
LeoDkn,TS,No,109,90,-4.0,270,0.50,10.00,1.60,Toggle,2024-07-13
Leoro,,No,110,110,-3.0,270,0.45,4.70,1.40,Toggle,2022-12-19
Lerky,,No,110,90,-4.0,270,0.60,5.00,1.20,Toggle,2020-11-14
Lev,,No,110,90,-5.0,270,0.50,6.00,1.00,Toggle,2024-02-27
Leviathan,,No,110,100,-5.0,270,0.40,10.00,1.70,Toggle,2022-02-07
lexxa.,ACCA,No,110,110,-3.0,270,0.50,4.00,1.50,Toggle,2024-12-08
LiFox,,No,110,110,-3.0,260,0.50,5.60,1.20,Toggle,2023-02-19
life,,No,110,100,-3.0,270,0.35,5.00,1.60,Toggle,2025-02-03
Lilo,JUI,No,110,90,-5.0,270,0.35,8.00,1.70,Toggle,2024-04-30
Lim,,No,110,110,-3.0,270,0.45,6.00,1.00,Toggle,2018-10-04
Lindow,WLF,No,107,100,-5.0,310,1.00,4.00,1.40,Toggle,2022-04-16
Linear,VTL,No,110,100,-3.0,270,0.35,4.70,1.40,Toggle,2024-06-06
LionBlaze,SCHN,No,110,100,-3.0,270,0.30,2.50,1.30,Toggle,2025-01-19
Lj,SR,No,110,100,-5.0,270,0.55,5.00,1.30,Toggle,2025-02-15
Localbananah,CCE,No,110,100,-5.0,270,0.40,6.00,1.80,Toggle,2023-04-15
Lorely,LCQW,No,110,100,-5.0,270,0.40,7.00,1.00,Toggle,2021-05-21
LorisRaptor,SNT,No,109,90,-4.00,270,0.45,4.00,1.20,Toggle,2022-04-21
Lostt,FUR,No,110,90,-5.0,270,0.35,7.00,1.60,Toggle,2025-03-30
lubey,CRH,No,110,100,-3.0,270,0.40,5.00,1.00,Toggle,2022-01-02
Luca,DB,No,109,90,-4.0,270,0.40,10.00,1.20,Toggle,2022-07-19
lucas06,LUK,No,110,100,-4.0,270,0.35,4.00,2.00,Toggle,2023-10-17
Luciuhh,,No,110,90,-5.0,270,0.40,4.70,1.50,Toggle,2020-12-15
LuiisP,,No,110,100,-5.0,270,0.40,4.50,1.60,Toggle,2024-10-20
Luke,UCF,No,109,100,-3.0,270,0.40,6.90,1.00,Toggle,2022-04-19
Lunar,MISS,No,110,100,-3.0,270,0.35,4.00,1.00,Toggle,2025-07-06
Lunatic.,,No,110,100,-3.0,270,0.35,7.00,1.60,Toggle,2024-08-20
lunr,,No,110,90,-5.0,260,0.40,7.00,1.00,Toggle,2025-02-16
lynx,F16,No,110,100,-5.0,270,0.40,4.10,1.30,Toggle,2022-05-30
M0nkey M00n,TWIS,No,110,100,-3.0,270,0.50,4.00,1.10,Toggle,2025-06-11
M1k3Rules,,No,100,100,-8.0,270,0.25,2.70,1.10,Hold,2019-07-12
M3L0DY,,No,110,90,-4.0,260,0.4,4.00,1.50,Toggle,2021-12-30
M6R,,No,110,100,-3.0,270,0.35,5.00,1.70,Toggle,2025-09-10
M7md,ZTX,No,110,100,-3.0,270,0.40,4.00,1.60,Toggle,2024-03-02
M7md97,NRD,No,110,100,-3.0,270,0.35,5.00,1.50,Toggle,2025-05-03
M7sn,VSN,No,110,100,-5.0,270,0.40,3.30,1.20,Toggle,2022-08-05
M@,KU,No,110,100,-5.0,290,0.80,3.50,1.20,Toggle,2020-06-09
MAJID,F16,No,110,100,-4.0,270,0.75,8.10,1.50,Toggle,2022-05-29
MD,ACND,No,110,90,-4.0,250,0.35,3.50,1.20,Toggle,2021-01-18
MD974,974,No,110,100,-4.0,270,0.40,6.30,1.30,Toggle,2022-11-02
mKaD,,No,110,100,-3.0,270,0.40,4.00,1.10,Toggle,2024-02-11
MaRc_By_8.,,No,110,100,-3.0,270,0.40,10.00,1.40,Toggle,2023-09-08
Maadzz,TRD,No,110,110,-3.0,280,0.70,3.20,1.00,Toggle,2019-06-29
maaivy,PAY,No,110,90,-4.0,270,0.40,4.60,1.20,Toggle,2020-09-08
Machi,MNM,No,110,100,-4.0,270,0.40,4.20,1.70,Toggle,2021-11-23
Madhin,PRAI,No,110,100,-5.0,270,0.55,6.40,1.80,Toggle,2024-09-08
madmaxrk,GHE,No,110,80,-3,260,0.35,3.00,1.70,Toggle,2025-05-18
Madssssss.,,No,110,100,-5.0,270,0.40,3.90,1.30,Toggle,2022-04-22
Maestro,,No,110,90,-3.0,270,0.5,4.00,1.20,Toggle,2024-09-21
MaJicBear,GENG,No,110,90,-4.0,270,0.45,6.70,1.70,Toggle,2025-01-19
mala,,No,110,100,-4.0,270,0.45,4.30,1.20,Toggle,2021-07-30
mala7,20S,No,110,100,-5.0,270,0.40,10.00,2.00,Toggle,2025-02-23
MannyLR!,SE,No,110,90,-4.0,280,0.35,4.00,1.30,Toggle,2024-08-10
Marmoan,JPIE,No,110,100,-4.0,270,0.45,6.90,1.30,Toggle,2021-08-09
Maru.,,No,107,100,-4.0,250,0.50,6.00,1.50,Toggle,2019-10-21
Maseter,,No,110,90,-5.0,270,0.85,4.00,1.30,Toggle,2021-06-02
Mass,,No,110,100,-4.0,270,0.40,8.00,1.60,Toggle,2024-02-02
masypie,HAS,No,110,100,-4.0,270,0.50,5.50,1.60,Toggle,2022-10-22
Mat.,,No,110,100,-2.0,270,0.30,5.00,1.50,Toggle,2023-04-24
Matee10,SNT,No,110,100,-4.0,270,0.40,5.00,1.90,Toggle,2022-03-24
math,,No,110,100,-5.0,270,0.40,4.70,1.20,Toggle,2021-08-09
matix,ELUM,No,110,100,-3.0,240,0.70,4.00,1.80,Toggle,2022-04-27
Matro,RET,No,110,110,-4.0,270,0.55,5.50,1.00,Toggle,2020-03-14
matsgrey,,No,110,110,-3.0,260,0.65,5.00,1.40,Toggle,2021-01-20
matt,,No,110,90,-5.0,270,0.45,7.00,1.00,Toggle,2019-04-08
matter,WVU,No,109,100,-3.0,270,0.35,5.00,1.30,Toggle,2024-03-03
Matthew.,MACC,No,110,100,-4.0,270,0.45,8.80,1.10,Toggle,2023-03-26
Mawkzy,,No,110,110,-3.0,270,0.40,4.20,1.30,Toggle,2025-01-14
Maxeew,,No,110,100,-3.0,270,0.50,7.00,1.20,Toggle,2023-06-21
MayKo,PMR,No,110,100,-4.0,270,0.35,5.00,1.40,Toggle,2022-07-10
mazikeen,SHI,No,110,100,-5.0,270,0.45,5.10,1.80,Toggle,2024-12-27
Meaty,,No,110,90,-5.0,270,0.50,3.20,1.40,Toggle,2021-02-03
Mech,POAB,No,110,90,-3.0,270,0.45,8.00,1.50,Toggle,2025-04-20
meeloox,MYI,No,110,90,-5.0,260,0.40,6.50,1.30,Toggle,2020-08-26
Melodic,EXE,No,110,100,-4.0,260,0.60,4.20,1.10,Toggle,2020-07-05
Meloshisu,,No,110,110,-3.0,270,0.50,3.40,1.30,Toggle,2020-03-08
Mercy,,No,110,100,-3.0,270,0.45,5.00,1.20,Toggle,2021-08-18
meshinn,LLH,No,110,90,-3.0,270,0.50,9.20,1.80,Toggle,2021-01-08
Mesho,VSN,No,110,100,-3.0,270,0.35,5.50,1.60,Toggle,2022-10-07
Metsanauris,,No,110,100,-3.0,260,0.50,8.00,1.00,Toggle,2022-03-07
Mihno,CLDA,No,110,90,-3.0,240,0.45,5.50,1.40,Toggle,2020-08-04
Mijo.,,No,110,100,-3.0,270,0.55,5.00,1.50,Toggle,2019-05-01
mikan,,No,110,90,-4.0,270,0.60,5.50,1.50,Toggle,2024-01-23
Mikeboy,,No,110,100,-3.0,270,0.35,7.00,1.20,Toggle,2025-09-17
Mile,NBD,No,110,100,-5.0,270,0.40,10.00,1.20,Toggle,2022-04-27
Milio,IDEA,No,110,100,-3.0,240,0.75,5.50,1.60,Toggle,2024-01-17
Milo,,No,110,100,-4.0,270,0.45,4.50,1.40,Toggle,2025-02-02
Mimillo Sama,SCL,No,110,90,-4.0,270,0.35,5.00,2.00,Toggle,2025-08-16
MinLoX,AG,No,110,90,-5.0,270,0.50,1.20,1.4,Toggle,2024-02-18
Mingo,GNR,No,110,100,-4.0,270,0.50,6.90,1.80,Toggle,2021-03-17
Minkey,JPIE,No,109,110,-3.0,260,0.60,4.00,1.20,Toggle,2022-07-03
Mira,,No,110,110,-3.0,270,0.35,4.00,1.30,Toggle,2025-07-06
Mirror.,,No,110,110,-3.0,270,0.65,8.00,1.70,Toggle,2020-06-23
misery,SHI,No,110,90,-4.0,250,0.50,5.30,1.00,Toggle,2023-05-15
mist,,No,110,100,-3.0,270,0.40,5.50,1.20,Toggle,2023-12-15
Misty,,No,110,90,-5.0,270,0.45,4.20,1.00,Toggle,2024-02-06
misty,,No,110,100,-4.0,260,0.40,4.70,1.00,Toggle,2020-03-25
Mith,,No,110,100,-3.0,270,0.60,6.00,1.40,Toggle,2022-10-23
Mittaen,,No,110,110,-3.0,270,0.60,4.20,1.30,Toggle,2022-08-13
Mizu,OHIO,No,110,110,-4.0,280,0.55,5.50,1.50,Toggle,2021-07-18
mock,,No,110,100,-5.0,280,0.40,6.00,1.20,Toggle,2020-08-15
Mognus,,No,108,100,-3.0,260,0.65,8.00,1.00,Toggle,2021-07-26
Mohanned,ZEN,No,110,90,-5.0,270,0.50,5.90,1.00,Toggle,2024-04-17
molten,,No,110,90,-6.0,270,0.55,6.00,1.00,Toggle,2022-08-28
money,SUP,No,110,100,-4.0,270,0.45,4.70,1.60,Toggle,2021-08-09
Monku,CP,No,109,110,-3.0,270,0.45,3.50,1.00,Toggle,2023-01-17
Monster442,,No,110,90,-3.0,270,0.45,4.70,1.10,Toggle,2021-01-17
Montyconnor,,No,110,100,-4.0,270,0.55,4.20,1.50,Toggle,2020-08-01
Morse,,No,109,110,-3.0,260,0.60,5.00,1.50,Toggle,2022-10-24
Moses,,No,110,100,-4.0,260,0.45,6.00,1.20,Toggle,2020-08-12
motion,DR,No,110,100,-3.0,270,0.30,7.00,1.80,Toggle,2024-02-02
Motta,TS,No,110,100,-3.0,270,0.35,10.00,2.00,Toggle,2024-06-21
Mozzarella,,No,110,100,-3.00,270,0.35,4.70,1.40,Toggle,2023-09-17
Mr.Low,,No,110,100,-5.0,270,0.50,5.00,1.20,Toggle,2021-10-22
mrtn,,No,110,90,-5.0,270,0.35,10.00,1.50,Toggle,2025-02-17
Msh,TWIS,No,110,110,-3.0,270,0.35,4.00,1.00,Toggle,2021-10-16
Mstr.,LLH,No,110,90,-7.0,270,0.35,5.00,1.60,Toggle,2025-01-18
mtzR,,No,110,100,-3.0,270,0.35,5.30,1.50,Toggle,2025-08-11
MummiSnow,,No,110,110,-4.0,270,0.40,5.00,1.00,Toggle,2019-03-24
MySTeriOuS,ZTX,No,110,100,-3.0,240,0.35,4.00,1.00,Toggle,2021-11-12
Mylk,BPC,No,110,100,-3.0,260,0.35,4.20,1.40,Toggle,2024-10-16
mzxy,777,No,110,90,-4.0,270,0.35,8.60,1.50,Toggle,2021-11-12
N1tro,DCE,No,109,90,-5.0,260,0.55,6.20,1.30,Toggle,2022-10-30
NKS,DAWN,No,110,90,-4.0,270,0.45,4.30,1.30,Toggle,2025-02-15
nachi,,No,110,90,-3.0,270,0.45,4.00,1.00,Toggle,2024-02-12
Nachitow,LHDP,No,110,110,-3.0,280,0.45,2.50,1.10,Toggle,2021-01-17
Nacho,,No,110,80,-5.0,260,0.45,6.00,1.70,Toggle,2024-03-29
nachosky,,No,110,90,-3.0,270,0.45,9.00,1.40,Toggle,2024-04-22
Nadr,ZTX,No,110,90.00,-5.0,270,0.35,4.00,1.40,Toggle,2025-07-15
nai,BSL,No,110,90,-5.0,270,0.40,5.10,1.50,Toggle,2024-02-02
Naish,XPS,No,110,80,-4.0,270,0.35,9.00,1.80,Toggle,2025-02-23
Naizak,,No,110,110,-1.0,270,0.45,6.80,1.20,Toggle,2021-10-15
Nalmon,,No,110,100,-4.0,270,0.50,7.20,1.30,Toggle,2020-06-13
nass,M8,No,110,100,-3.0,270,0.35,6.10,1.80,Toggle,2025-03-31
nasty,,No,110,90,-5.0,270,0.35,10.00,1.30,Toggle,2024-03-02
Nava,,No,110,110,-6.0,270,0.5,5.50,1.50,Toggle,2022-03-30
Nawaf.,WDK,No,110,90,-5.0,270,0.40,5.10,1.50,Toggle,2025-05-08
Ne0n,DR,No,110,100,-4.0,270,0.40,5.50,1.50,Toggle,2021-06-10
Negative,TSRN,No,110,110,-5.0,270,0.40,10.00,2.00,Toggle,2022-01-02
Negsy,,No,109,110,-3.0,260,0.60,8.30,1.80,Toggle,2025-02-11
Neheitios,,No,109,100,-3.0,270,0.40,10.00,1.20,Toggle,2021-07-22
n3ptune!,LOUD,No,110,100,-3.0,280,0.35,4.70,1.50,Toggle,2024-04-28
Neqzo,,No,110,110,-3.0,270,0.50,2.90,1.00,Toggle,2019-04-14
nerm1k,,No,110,90,-3.0,260,0.60,5.00,1.30,Toggle,2025-01-09
nerve,,No,109,90,-5.0,240,0.50,5.00,1.00,Toggle,2024-03-02
nessCoff,MEX,No,110,90,-3.0,280,0.75,3.50,1.50,Toggle,2024-02-02
nex.,POL,No,110,90,-5.0,270,0.30,6.60,1.60,Toggle,2024-10-23
Nibra,LSF,No,110,110,-4.0,270,0.45,10.00,1.50,Toggle,2021-07-01
Nick,,No,110,110,-3.0,280,0.40,10.00,1.00,Toggle,2021-11-05
nickbeast,,No,110,100,-4.0,270,0.40,5.00,1.80,Toggle,2024-12-17
Nico,,No,110,100,-3.0,260,0.50,6.50,1.90,Toggle,2024-08-15
Nielskoek,,No,110,90,-7.0,280,1.00,10.00,1.40,Toggle,2019-07-18
night.,NAH,No,110,90,-3.0,260,0.45,10.00,1.20,Toggle,2023-03-03
Night,,No,110,110,-3.0,270,0.35,3.70,1.40,Toggle,2021-10-29
Nine,,No,110,100,-4.0,270,0.50,3.40,1.30,Toggle,2022-01-31
Ninja23509,WIFU,No,110,100,-4.0,270,0.45,4.0,1.60,Toggle,2022-01-06
niseron,,No,110,100,-5.0,260,0.70,10.00,1.70,Toggle,2022-04-27
Nitrous,,No,110,100,-3.0,270,0.45,7.70,1.70,Toggle,2020-12-15
Nitrovity,OUKS,No,110,100,-3.0,270,0.35,6.90,1.50,Toggle,2025-02-17
Nitryx,SCC,No,110,100,-3.0,270,0.40,4.70,1.20,Toggle,2022-06-05
nmj,SRN,No,110,90,-5.0,270,0.50,8.00,1.50,Toggle,2025-05-10
NoMansion,BBB,No,110,90,-4.0,270,0.50,8.50,1.40,Toggle,2020-07-30
noahsaki,PMR,No,110,90,-4.0,270,0.40,10.00,1.30,Toggle,2024-08-15
noly,STED,No,110,90,-4.0,270,0.35,10.00,1.50,Toggle,2023-07-23
Noxes,MU,No,110,100,-5.0,270,0.40,10.0,1.20,Toggle,2023-12-02
ntri,,No,110,90,-5.0,270,0.35,4.00,1.50,Toggle,2024-11-16
nudging,,No,110,100,-4.0,270,0.40,5.00,1.20,Toggle,2022-03-09
Nuqqet,,No,109,100,-3.0,270,0.35,7.20,1.80,Toggle,2025-07-06
Nush,QAD,No,110,100,-3.0,270,0.35,4.00,1.30,Toggle,2025-10-19
Nwpo,TWIS,No,110,90,-5.0,270,0.50,5.10,1.50,Toggle,2025-10-01
nxghtt,AMT,No,110,100,-3.0,270,0.40,10.00,1.20,Toggle,2025-01-22
Nxko,BERG,No,110,100,-4.0,270,0.50,5.90,1.70,Toggle,2021-12-27
Nym,FISK,No,110,90,-4.0,240,0.45,5.00,1.60,Toggle,2025-02-01
Nym0,ZZZZ,No,110,100,-4.0,270,0.40,5.00,1.40,Toggle,2023-06-03
NytroDryft,,No,110,110,-4.0,280,0.30,6.00,1.00,Hold,2022-03-31
o0vvl,GK,No,110,100,-4.0,270,0.45,2.50,1.00,Toggle,2024-02-02
oKhaliD,,No,110,100,-3.0,270,0.35,4.00,1.20,Toggle,2023-03-03
OLPiX,,No,110,90,-3.0,250,0.70,10.00,1.20,Toggle,2022-03-04
OSM,,No,110,100,-3.0,270,0.50,4.40,1.00,Toggle,2020-07-05
oVaMPiERz,OFF,No,110,100,-3.0,260,0.45,5.00,1.00,Toggle,2020-07-08
oViitin,,No,109,90,-5.0,270,0.35,8.50,1.40,Toggle,2024-02-02
oaly.,,No,110,100,-3.0,270,0.35,3.50,1.20,Toggle,2023-11-25
oath,CMK,No,110,100,-3.0,270,0.45,10.00,1.60,Toggle,2023-03-01
ols,,No,110,90,-4.0,270,0.55,4.80,1.40,Toggle,2024-10-04
Oni,GT,No,110,110,-4.0,280,0.45,4.00,1.30,Toggle,2022-12-17
opp_bomb,MSU,No,110,100,-3.0,270,0.15,5.00,1.50,Toggle,2025-04-12
ops,QAD,No,110,100,-3.0,270,0.40,7.20,1.70,Toggle,2024-12-04
Oscillon,,No,108,110,-3.0,260,0.65,6.50,1.20,Toggle,2021-03-29
Osiris,TSG,No,110,100,-3.0,300,0.30,10.00,1.80,Toggle,2024-04-19
Oski,M8,No,110,90,-4.0,270,0.40,7.00,1.50,Toggle,2025-01-22
Outlast,,No,110,120,-4.0,260,0.35,10.00,1.00,Toggle,2019-05-12
oxy,UA-G,No,110,100,-3.0,270,0.35,10.00,1.80,Toggle,2025-04-01
PJ,,No,110,110,-3.0,270,0.45,6.00,1.00,Toggle,2020-03-26
PLASMA,PAI,No,110,100,-4.0,270,0.40,7.30,1.60,Toggle,2021-10-22
PLUTO,,No,110,90,-4.0,260,0.45,5.70,1.20,Toggle,2024-02-04
PNDH,SCHN,No,110,100,-3.0,270,0.25,10.0,1.50,Toggle,2023-11-21
PRSTN,BSU,No,109,90,-3.0,270,0.45,4.20,1.00,Toggle,2023-11-14
Paarth,,No,110,100,-3.0,270,0.35,10.00,1.40,Toggle,2025-01-17
Pabl0,ICB,No,110,100,-3.0,270,0.35,3.70,1.00,Toggle,2021-07-28
Pablobar,,No,110,90,-2.0,270,0.40,6.30,1.50,Toggle,2022-11-13
paco.,DRC,No,110,90,-2.0,260,0.45,8.30,1.50,Toggle,2023-03-27
PadS,,No,110,90,-4.0,250,0.70,6.00,1.80,Toggle,2022-11-07
pagsi,TSRN,No,109,100,-4.0,270,0.40,5.20,1.20,Toggle,2022-04-27
pan,TPS,No,110,90,-5.0,270,0.40,6.90,2.00,Toggle,2025-02-17
Pander,QUI,No,109,100,-3.0,270,0.45,5.80,1.40,Toggle,2023-04-20
paraapelka,,No,110,90,-3.0,260,0.50,6.10,1.60,Toggle,2025-01-10
parka,WOO,No,110,90,-5.0,270,0.35,4.20,1.30,Toggle,2024-12-12
Patty,BBB,No,110,110,-3.0,270,0.55,5.60,1.60,Toggle,2022-04-19
peachyy.,,No,110,100,-4.0,280,0.30,5.50,1.50,Toggle,2023-05-31
PeepTheSkill,GRIB,No,110,100,-5.0,270,0.45,7.00,1.20,Toggle,2023-03-05
Pengoli,,No,110,100,-3.0,260,0.35,7.30,1.40,Toggle,2024-04-28
percy.,,No,110,90,-5.0,270,0.35,4.70,1.30,Toggle,2023-03-03
peseta,PAI,No,110,100,-4.0,280,0.40,2.00,1.20,Toggle,2021-10-22
petrick,,No,110,90,-5.0,270,0.40,4.20,1.10,Toggle,2019-05-05
Phocas,,No,110,100,-3.0,270,0.35,3.70,1.20,Toggle,2020-05-03
pIGEON.,JMU,No,110,100,-3.0,270,0.25,6.10,2.00,Toggle,2025-06-05
PinGu,CRIS,No,110,100,-5.0,270,0.40,10.00,1.80,Toggle,2025-02-07
Pindroy,RR,No,110,100,-5.0,270,0.40,4.70,1.30,Toggle,2024-11-07
Pirates,,No,110,110,-3.0,270,0.45,6.00,1.00,Toggle,2021-08-29
Pisky,,No,110,90,-3.0,270,0.35,5.00,1.40,Toggle,2025-02-17
PlantingCargo85,,No,108,100,-4.0,250,0.40,6.2,1.30,Toggle,2021-07-15
plgabriel,TNB,No,110,100,-3.0,270,0.35,10.00,2.00,Toggle,2025-01-26
Plitz,,No,108,110,-4.0,300,0.45,4.20,1.00,Toggle,2020-08-19
Pluvo,DNG,No,110,100,-5.0,270,0.40,6.20,1.80,Toggle,2023-05-23
pnda.,,No,100,100,-4.0,280,0.40,7.00,1.00,Toggle,2022-01-24
Polar,SAP,No,110,110,-4.0,270,0.40,5.30,1.20,Toggle,2024-10-23
Pollo,,No,110,100,-4.0,260,0.60,4.70,1.20,Toggle,2022-09-25
Poncho,,No,110,100,-3.0,270,0.35,4.50,1.60,Toggle,2025-02-17
Poofy,RRDE,No,110,100,-4.0,280,0.45,4.40,1.50,Toggle,2022-07-10
popo,,No,109,110,-3.0,260,0.60,5.30,1.20,Toggle,2021-10-22
Porklet,,No,110,90,-3.0,270,0.40,4.70,1.20,Toggle,2020-05-26
Porsas,VS,No,110,90,-4.0,270,0.40,6.00,1.80,Toggle,2023-10-06
Pr.abdulaziz,TJP,No,110,100,-2.0,280,0.45,10.00,1.80,Toggle,2025-04-05
Prem,,No,110,100,-3.0,270,0.45,4.5,1.00,Toggle,2019-04-07
primethunder,,No,110,110,-4.0,280,0.40,5.00,1.30,Toggle,2020-11-03
process,BEN,No,110,100,-3.0,270,0.40,3.50,1.20,Toggle,2023-07-05
Prompt,,No,110,80,-2.0,250,0.60,9.90,1.60,Toggle,2023-12-17
pryyme,WUB,No,110,100,-3.0,270,0.35,4.80,1.40,Toggle,2023-01-15
Pugsay,,No,110,100,-4.0,270,0.40,6.00,1.20,Toggle,2022-04-01
purposa,DAP,No,110,90,-4.0,270,0.40,4.00,1.80,Toggle,2024-11-22
Pwndx,,No,110,110,-3.0,280,0.40,7.00,1.00,Toggle,2020-05-25
pzy,SCCGR,No,110,100,-3.0,260,0.40,7.00,1.70,Toggle,2025-01-19
Qtipz,,No,110,110,-2.0,280,0.35,8.50,2.00,Toggle,2025-01-18
radoko.,,No,109,90,-4.0,260,0.45,7.00,1.40,Toggle,2021-07-17
Radosin,,No,110,100,-3.0,260,0.30,4.20,1.50,Toggle,2025-02-17
rafa.,KAR,No,110,90,-3.00,270,0.35,4.00,1.00,Toggle,2024-10-27
Rafdoang13,,No,110,100,-3.00,280,0.50,5.00,1.10,Toggle,2021-10-29
rahmyn,,No,110,100,-4.0,280,0.40,5.00,1.40,Toggle,2022-03-20
rahz,,No,110,90,-4.0,230,0.50,5.50,1.30,Toggle,2022-11-20
Ralph014,,No,109,110,-3.0,260,0.60,6.90,1.20,Toggle,2022-09-09
Ram,,Yes,110,110,-4.0,270,0.40,4.10,2.00,Toggle,2022-04-26
ramzy,OMEN,No,110,100,-3.0,280,0.35,5.90,1.50,Toggle,2024-02-02
Ravi,COS,No,110,100,-3.0,270,0.35,5.00,1.00,Toggle,2025-05-04
Rayy14,MQU,No,110,100,-5.0,270,0.40,9.00,1.80,Toggle,2025-02-04
ReaLize,,No,110,100,-4.0,270,0.40,4.00,1.20,Toggle,2021-04-16
Realize,BOLI,No,110,100,-4.0,270,0.40,10.00,1.40,Toggle,2023-11-05
Rebmob,SEL,No,110,100,-3.0,270,0.35,6.00,1.50,Toggle,2025-01-26
reeho!,GELB,No,110,100,-3.0,270,0.35,8.00,1.60,Toggle,2024-12-15
reekkan,ROC,No,110,100,-3.0,280,0.35,5.00,1.00,Toggle,2024-10-18
Reepex,,No,110,110,-3.0,270,0.70,7.40,1.40,Toggle,2020-09-05
Reeves,UCFA,No,110,100,-4.0,270,0.45,6.90,1.10,Toggle,2022-09-20
Reevo,LMIX,No,109,90,-4.0,270,0.45,4.00,1.80,Toggle,2022-11-02
Reeyko,SCL,No,110,110,-3.0,270,0.35,3.70,1.00,Toggle,2023-08-20
Reganam,,No,110,110,-4.0,280,0.50,5.00,1.40,Toggle,2020-09-05
regser,VS,No,110,110,-3.0,270,0.40,10.00,1.70,Toggle,2024-06-16
rehzzy,,No,110,100,-4.0,260,0.55,6.00,1.10,Toggle,2023-03-27
Reina,,No,110,100,-4.0,270,0.35,4.40,1.60,Toggle,2023-10-30
Reisplasma,TNB,No,109,90,-3.0,270,0.55,7.00,1.20,Toggle,2025-01-26
RelatingWave,SHU,No,110,100,-4.0,260,0.45,5.50,1.00,Toggle,2025-01-17
Rellec,PUPS,No,110,90,-4.0,270,0.45,5.10,1.60,Toggle,2024-04-28
RemiK,RTT,No,108,110,-3.0,260,0.55,10,1.20,Toggle,2021-11-15
ren,,No,110,90,-4.0,270,0.35,6.10,1.60,Toggle,2024-05-06
Renshiro,RNDS,No,109,110,-3.0,260,0.60,4.00,1.10,Toggle,2025-05-21
renzo,DYN,No,110,100,-3.0,260,0.40,10.00,2.00,Toggle,2023-11-12
repeat,CMK,No,110,100,-3.0,270,0.35,5.00,1.70,Toggle,2025-01-17
Requiem,,No,110,100,-3.0,270,0.45,4.20,1.20,Toggle,2020-03-26
res,,No,110,100,-4.0,270,0.40,2.10,1.30,Toggle,2022-03-20
Reshiram,MOM,No,110,100,-3.00,270,0.45,6.10,1.80,Toggle,2025-05-07
Resonal,,No,110,90,-5.0,270,0.40,10.00,1.70,Toggle,2025-09-14
Retals,,No,110,100,-4.00,270,0.45,3.60,1.70,Toggle,2025-01-19
Reticence,,No,110,90,-3.0,270,0.70,3.5,1.00,Toggle,2022-04-27
Retra,,No,110,100,-5.0,270,0.40,5.50,1.40,Toggle,2021-10-22
reveal,SSG,No,110,90,-4.0,270,0.40,5.00,1.10,Toggle,2025-01-19
Revezy,,No,110,90,-5.0,260,0.65,7.00,1.60,Toggle,2023-03-26
Rex,,No,110,100,-4.0,270,0.35,4.80,1.30,Toggle,2021-07-01
Rexo,MF,No,110,100,-3.0,260,0.45,3.80,1.00,Toggle,2022-04-18
Reysbull,MIBR,No,110,110,-2.0,270,0.45,4.50,1.80,Toggle,2025-05-30
Rez,,No,110,90,-4.0,280,0.40,8.00,1.20,Toggle,2024-09-10
Rezears,FB,No,110,90,-4.0,270,0.40,7.50,1.50,Toggle,2025-02-16
richmond,MTK,No,110,100,-5.0,270,0.50,7.20,1.20,Toggle,2021-02-07
Rietsz,NRD,No,110,100,-4.0,270,0.40,5.10,2.00,Toggle,2025-05-03
Rigorous,PRAI,No,109,90,-5.0,270,0.50,8.00,1.80,Toggle,2025-05-03
ringa,,No,110,100,-3.0,270,0.30,6.50,1.40,Toggle,2023-10-22
ripoopi,RL,No,110,100,-4.0,270,0.40,4.20,1.20,Toggle,2021-06-18
rise.,GENG,No,110,100,-5.0,270,0.40,6.00,1.30,Toggle,2025-01-14
RisenEclipse,,No,110,90,-5.0,260,0.35,4.80,1.40,Toggle,2023-04-14
risk,BSL,No,109,90,-4.0,270,0.45,10.00,1.20,Toggle,2024-02-17
Riv,,No,108,90,-3.0,230,0.60,6.10,1.80,Toggle,2019-12-18
Rixy.,OMEN,No,109,100,-3.0,270,0.40,6.90,1.40,Toggle,2023-06-01
Rizex,GER,No,110,90,-5.0,270,0.40,5.70,1.70,Toggle,2025-04-09
rizon,,No,110,90,-5.0,270,0.45,5.00,1.50,Toggle,2025-02-07
Rizual,,No,110,100,-3.0,260,0.45,6.00,1.10,Toggle,2021-04-11
rizun,ROE,No,110,90,-4.0,260,0.45,5.00,1.70,Toggle,2023-12-11
Rmn,SHI,No,110,90,-3.0,260,0.60,4.00,1.20,Toggle,2022-01-24
Ronaky,,No,110,90,-5.0,270,0.35,7.20,1.00,Toggle,2024-05-22
roods,MMFS,No,110,120,-5.0,280,0.45,10.00,2.00,Toggle,2022-01-16
RoseBlushes,,No,110,90,-3.0,260,0.55,6.20,1.70,Toggle,2022-10-11
Rotz,WVU,No,110,90,-4.0,270,0.35,3.00,1.00,Toggle,2023-01-17
Roxrz,,No,110,90,-3.0,270,0.35,8.00,1.50,Toggle,2022-04-24
Royales,1,No,109,90,-4.0,270,0.45,8.50,1.90,Toggle,2025-04-30
rust ez95,,No,110,100,-3.0,270,0.45,3.40,1.20,Toggle,2025-01-05
Rw9,FLCN,No,110,100,-5.0,270,0.50,3.50,1.20,Toggle,2025-10-15
Rxii,AH,No,110,100,-5.0,270,0.40,6.20,1.00,Toggle,2021-07-30
ryan,LOUD,No,110,100,-4.0,270,0.50,4.70,1.40,Toggle,2024-04-28
rysfox.,,No,110,100,-3.0,270,0.35,4.00,1.00,Toggle,2023-05-19
Ryzen,RL,No,110,90,-4.0,280,0.50,6.10,1.50,Toggle,2022-06-04
S5-Cosmic,,No,110,90,-4.0,280,0.45,4.20,1.60,Toggle,2025-07-10
sEtch,FRST,No,109,90,-4.0,270,0.35,10.00,1.40,Toggle,2022-05-03
SPYDOGE,BC,No,110,110,-4.0,250,0.55,6.00,1.60,Toggle,2020-03-26
SQQP,,No,110,100,-5.0,270,0.40,7.40,1.60,Toggle,2024-02-01
SSteve,UNSW,No,110,110,-4.0,240,0.20,10.00,1.00,Toggle,2020-03-26
Sad,MIBR,No,110,100,-3.0,270,0.45,3.10,2.00,Toggle,2022-10-31
sadstich,,No,110,110,-3.0,270,0.45,5.00,1.00,Toggle,2019-06-14
saizen,CLNT,No,110,90,-3.0,230,0.45,9.00,1.80,Toggle,2024-03-25
Salidow,,No,110,90,-3.0,250,0.45,5.20,1.60,Toggle,2022-04-24
Samba,CRH,No,110,100,-3.0,260,0.40,4.70,1.20,Toggle,2023-04-20
Sammy,RRW,No,110,100,-4.0,260,0.50,4.00,1.00,Toggle,2020-08-01
Santhino,VAL,No,110,100,-4.0,270,0.40,8.50,1.50,Toggle,2023-07-24
saphiix,RPV,No,110,100,-4.0,260,0.40,7.20,1.40,Toggle,2021-04-27
Sarak,BSCO,No,110,90,-5.0,260,0.40,6.40,1.70,Toggle,2024-04-18
Sauce,YAP,No,110,100,-4.0,280,0.35,7.50,1.50,Toggle,2025-02-17
Sauceyy,,No,110,90,-4.0,270,0.40,7.30,1.30,Toggle,2022-10-21
saucy,,No,110,100,-5.0,270,0.40,4.70,1.50,Toggle,2020-09-04
Savvy,,No,110,100,-4.0,260,0.40,7.00,1.00,Toggle,2021-08-25
saya,,No,110,100,-4.0,270,0.45,6.20,1.20,Toggle,2022-04-18
Sberg,,No,110,100,-5.0,270,0.50,6.60,1.00,Toggle,2020-12-18
Scarth,,No,109,100,-3.0,270,0.60,5.00,1.50,Toggle,2021-07-17
SchalkG,UNT,No,110,100,-4.0,270,0.40,10.00,1.40,Toggle,2022-01-03
ScoB,,No,110,100,-4.0,280,0.40,7.00,1.60,Toggle,2021-10-15
scream.,AH,No,110,90,-5.0,270,0.40,7.70,1.30,Toggle,2023-12-06
Scrub,WEST,No,110,100,-3.0,270,0.35,4.00,1.00,Toggle,2025-02-16
Scrub Killa,STMK,No,109,90,-5.0,270,0.35,5.00,1.30,Toggle,2024-08-26
Scrzbbles,,No,110,100,-4.0,260,0.35,4.50,1.30,Toggle,2025-01-09
scythe,R5M,No,110,100,-3.0,270,0.30,5.50,1.60,Toggle,2025-03-01
Sebadam,,No,110,100,-5.0,270,0.40,10.00,1.30,Toggle,2021-01-19
Seboraah,AG,No,110,90,-4.0,280,0.50,6.10,1.40,Toggle,2024-10-28
Sebs,,No,110,110,-5.0,270,0.40,10.00,1.20,Toggle,2021-05-14
seck,MRLS,No,110,100,-3.0,270,0.35,5.10,2.00,Toggle,2024-10-20
Seikoo,GK,No,110,100,-3.0,240,0.30,4.40,1.40,Toggle,2025-01-19
sele,RT,No,110,100,-5.0,250,0.45,7.00,1.50,Toggle,2022-01-22
seltt,VG,No,110,100,-3.0,250,0.35,5.10,1.50,Toggle,2025-10-05
Sergeant,,No,110,90,-4.0,270,0.35,4.00,1.50,Toggle,2024-04-20
shad,,No,109,100,-2.0,270,0.40,9.90,2.00,Toggle,2022-01-11
shadey,,No,108,100,-4.0,270,0.45,6.00,1.00,Toggle,2019-04-30
shadi,,No,110,100,-3.0,270,0.35,5.1,1.50,Toggle,2024-12-20
Shadow,,No,110,100,-5.0,270,0.40,7.00,1.50,Toggle,2021-08-18
Shakahron,,No,108,100,-3.0,270,0.70,5.50,1.20,Toggle,2020-10-02
shallow,SETU,No,110,100,-3.0,260,0.40,5.50,1.40,Toggle,2021-08-04
Shane,,No,110,90,-5.0,260,0.35,5.40,1.20,Toggle,2024-02-04
Shannon,,No,110,90,-3.0,230,0.55,5.00,1.50,Toggle,2025-10-09
shaolon,BT,No,110,100,-4.0,260,0.45,3.20,1.00,Toggle,2019-06-25
Shark.,,No,110,100,-3.0,270,0.65,4.70,1.20,Toggle,2024-07-13
Sharp,,No,110,110,-3.0,240,0.10,6.90,1.20,Toggle,2021-03-06
Sharp,DRMN,No,110,100,-5.0,270,0.30,7.50,1.30,Toggle,2021-07-15
shawneeboy,,No,103,110,-5.0,300,0.40,4.00,1.00,Toggle,2020-04-25
shila,AH,No,110,90,-5.0,270,0.45,6.10,1.60,Toggle,2024-06-06
Shin,ATY,No,110,100,-3.0,270,0.30,6.50,1.90,Toggle,2022-04-27
Shiro,,No,110,100,-4.0,270,0.45,4.20,1.20,Toggle,2021-06-03
shmacked,LCU,No,110,100,-3.0,270,0.35,4.90,1.00,Toggle,2025-02-17
Shock,,No,110,100,-5.0,270,0.45,2.30,1.00,Toggle,2021-07-18
Shoe,ZWOO,No,110,110,-3.0,270,0.50,4.20,1.50,Toggle,2019-12-18
Shorez,WEST,No,110,110,-3.0,270,0.50,8.50,1.40,Toggle,2025-02-17
Shuffleverse,SHU,No,109,90,-4.0,270,0.45,10.00,1.30,Toggle,2022-11-29
Shugs.,,No,110,90,-4.0,280,0.30,10.00,1.60,Toggle,2024-04-28
sigms,,No,107,110,-3.0,280,0.30,4.20,1.40,Toggle,2021-10-22
Siki,,No,110,90,-4.0,270,0.40,4.20,1.10,Toggle,2020-03-26
Sikii,,No,110,110,-3.0,270,0.40,6.00,1.20,Hold,2019-02-16
simas,CON,No,110,100,-3.0,270,0.45,6.90,1.70,Toggle,2025-01-19
Sinnicole,KU,No,109,110,-3.0,260,0.60,10.0,1.20,Toggle,2022-04-27
skies,DB,No,109,100,-2.0,270,0.50,10.00,1.50,Toggle,2022-07-19
SkillSteal,ASTR,No,109,100,-4.0,270,0.40,8.00,1.60,Toggle,2022-04-27
Skillz.,TRME,No,110,100,-3.0,270,0.35,10.00,1.60,Toggle,2021-08-06
skippy,,No,110,100,-3.0,280,0.30,7.50,1.20,Toggle,2025-01-17
Skworchi,,No,110,100,-3.0,270,0.35,4.20,1.40,Toggle,2024-04-28
Skyline,,No,110,110,-4.0,260,0.35,4.00,1.40,Toggle,2019-05-01
Skyrix,,No,110,90,-5.0,260,0.50,6.00,1.80,Toggle,2025-02-16
Skyzz,GRM,No,110,90,-2.0,290,0.35,4.70,1.40,Toggle,2025-02-17
SlaYeR,GOD,No,110,100,-5.0,270,0.45,5.00,1.50,Toggle,2024-04-02
Slepy,,No,109,110,-4.0,270,0.60,3.00,1.00,Toggle,2021-05-20
SleWeyy,,No,110,90,-4.0,270,0.40,2.90,1.00,Toggle,2020-07-25
Slumpii,,No,110,100,-5.0,270,0.65,7.00,1.60,Toggle,2023-01-09
Slushi,,No,110,110,-5.0,290,0.35,1.00,1.00,Toggle,2019-03-16
smashy,SEL,No,110,100,-3.0,270,0.35,10.00,1.90,Toggle,2025-02-19
Smokez,,No,110,100,-5.0,270,0.40,4.20,1.60,Toggle,2022-01-20
Smw,VSN,No,110,90,-5.0,260,0.45,7.40,1.20,Toggle,2022-03-20
snYpz,PSTV,No,110,100,-4.00,270,0.40,4.00,1.00,Toggle,2020-08-05
SnarfSnarf,,No,110,100,-3.0,300,0.70,3.20,1.00,Toggle,2018-10-04
snaz,FRND,No,109,100,-3.0,270,0.40,10.00,1.20,Toggle,2022-04-24
Sniper,,No,110,100,-3.0,290,0.75,4.50,1.30,Toggle,2023-03-01
snipjz.,OBVN,No,110,100,-4.0,280,0.45,5.50,1.60,Toggle,2022-01-23
snoozy,,No,109,100,-4.0,270,0.40,4.70,1.30,Toggle,2022-10-25
Snowy,,No,110,100,-4.0,280,0.55,6.00,1.50,Toggle,2021-02-11
Snowyy,,No,110,100,-5.0,270,0.40,10,1.10,Toggle,2023-06-11
Snub,JUI,No,110,90,-5.0,270,0.40,5.30,1.80,Toggle,2023-03-26
sobral,OBVN,No,110,100,-5.0,270,0.50,10.00,2.00,Toggle,2022-01-03
Sol,,No,110,100,-5.0,270,0.40,5.00,1.00,Toggle,2020-10-27
Sonoki,,No,110,110,-4,250,0.3,5.4,1.4,Toggle,2024-09-29
Sorius,20S,No,109,90,-4.0,270,0.40,4.00,1.10,Toggle,2022-04-18
sosa,FUT,No,110,100,-5.0,270,0.45,4.80,1.20,Toggle,2024-08-17
Sotex,,No,109,90,-4.0,260,0.25,4.20,1.70,Toggle,2024-10-11
Soulja,,No,110,100,-5.0,270,0.50,4.20,1.20,Toggle,2022-02-13
SoundsGuud,,No,110,110,-3.0,270,0.35,5.40,1.70,Toggle,2023-02-20
Sour,,No,110,90,-4.0,270,0.45,7.00,1.20,Toggle,2020-07-14
Sozya,,No,110,100,-2.0,270,0.50,5.00,1.30,Toggle,2022-03-20
Spade,KU,No,109,100,-3.0,270,0.40,6.90,1.50,Toggle,2023-01-18
Speed,SHU,No,109,110,-3.0,260,0.60,4.00,1.20,Toggle,2025-01-17
Sphinx,PDLC,No,110,100,-5.0,260,0.20,2.00,1.30,Toggle,2024-02-02
Splashy,DRMN,No,110,100,-5.0,270,0.40,5.50,1.20,Toggle,2021-08-09
Spoodah,CSUF,No,110,100,-4.0,270,0.40,3.80,1.00,Toggle,2022-03-13
spoods,,No,110,100,-4.0,270,0.40,6.60,1.20,Toggle,2022-07-31
Spratt,,No,110,110,-3.0,280,0.50,4.20,1.30,Toggle,2021-10-15
Spyder,,No,110,100,-4.0,280,0.40,7.80,1.30,Toggle,2022-06-16
Squigly,,No,110,100,-6.0,270,0.65,4.00,1.20,Toggle,2020-11-12
Squirrel,,No,110,100,-4.0,270,0.35,5.00,1.10,Toggle,2020-07-09
Squixxl,,No,108,110,-5.0,260,0.35,3.50,1.00,Toggle,2021-07-02
StaaR,,No,110,100,-3.0,270,0.40,4.20,1.40,Toggle,2025-04-25
Stade,LMIX,No,110,100,-3.0,270,0.35,7.20,1.80,Toggle,2024-04-14
Stake,COS,No,110,90,-3.0,270,0.55,4.30,1.40,Toggle,2021-03-29
Stat.,ROE,No,110,90,-4.0,270,0.40,7.00,1.50,Toggle,2024-05-25
stealth,,No,110,100,-5.0,270,0.40,7.20,1.40,Toggle,2021-07-16
Stealth.,MISS,No,110,90,-4.0,260,0.30,8.80,1.60,Toggle,2022-04-27
stizzy,VIT,No,110,100,-3.0,270,0.35,4.00,1.50,Toggle,2025-06-29
stocki,,No,110,100,-5.0,280,0.40,4.70,1.20,Toggle,2022-03-26
Stokelyy,,No,110,100,-4.0,270,0.45,6.50,1.00,Toggle,2021-04-09
Storm,KU,No,110,110,-3.0,270,0.45,10.00,1.70,Toggle,2020-12-15
Stqinless,,No,110,100,-5.0,270,0.45,4.70,1.30,Toggle,2022-10-01
Strutic,DCE,No,109,100,-3.0,270,0.40,10.00,1.40,Toggle,2022-03-08
Stvn,,No,110,100,-3.0,270,0.40,4.00,1.20,Toggle,2025-05-21
SubHallz,GIA,No,110,100,-5.0,270,0.40,5.00,1.30,Toggle,2021-10-15
suco,GOD,No,110,100,-3.0,270,0.35,10.00,2.00,Toggle,2024-05-09
Sultan.,NOVA,No,110,100,-3.0,270,0.45,5.10,1.50,Toggle,2025-02-03
Sum,,No,110,100,-5.0,270,0.50,5.50,1.60,Toggle,2023-05-03
Superlachie,TSM,No,110,100,-3.0,270,0.45,5.00,1.20,Toggle,2025-02-09
Suspect,TV,No,110,100,-3.0,270,0.40,3.50,1.20,Toggle,2025-02-23
Sway,,No,110,110,-4.0,240,0.80,4.00,1.00,Toggle,2020-10-27
swazz,CMK,No,110,100,-3.0,270,0.40,8.00,1.20,Toggle,2024-10-23
Sweaty,,No,110,100,-5.0,250,0.40,7.00,1.30,Toggle,2021-10-22
swiftt,FUR,No,110,100,-3.0,270,0.35,10.00,2.00,Toggle,2024-10-20
swoopin,,No,110,110,-3.0,260,0.45,4.00,1.20,Toggle,2022-04-27
Syke,,No,109,100,-5.0,260,0.65,8.00,1.50,Toggle,2025-02-07
Syn,RBRN,No,110,90,-5.0,270,0.35,10.00,1.20,Toggle,2024-05-12
Sypical,,No,110,100,-5.0,270,0.40,4.70,1.20,Toggle,2022-07-24
syracks,,No,110,100,-3.0,270,0.45,7.00,1.80,Toggle,2024-04-19
Sythe,777,No,110,100,-4.0,270,0.45,8.20,1.20,Toggle,2022-04-26
Szaro,,No,110,110,-4.0,270,0.40,4.50,1.80,Toggle,2021-08-01
T7LM,TV,No,110,90,-4.0,280,0.40,7.50,1.10,Toggle,2021-10-16
t9berh,2n,No,110,100,-3.0,270,0.35,9.10,1.00,Toggle,2022-04-28
TORRES8232,,No,110,110,-5.0,260,0.75,4.50,1.50,Toggle,2025-08-16
TaTu,FLEX,No,110,100,-5.0,270,0.45,6.50,1.60,Toggle,2021-08-05
Tacostash84,SSU,No,110,120,-3.0,300,0.50,1.00,1.00,Toggle,2022-12-05
TacticalWhiffs,CSLB,No,105,100,-4.0,270,0.70,7.00,1.40,Toggle,2023-04-03
Taha,UNT,No,109,100,-3.0,270,0.40,7.00,1.20,Toggle,2022-05-05
Tahz,DYN,No,110,110,-3.0,270,0.50,5.00,1.70,Toggle,2020-03-08
takara.,,No,110,90,-5.0,260,0.50,6.70,1.40,Toggle,2023-10-31
Talliebird,JUI,No,110,100,-3.0,270,0.35,5.50,1.50,Toggle,2023-07-23
tango,,No,110,100,-4.0,260,0.60,4.70,1.70,Toggle,2020-01-26
Tank,,No,110,90,-4.0,260,0.40,6.30,1.30,Toggle,2025-02-18
Taroco,,No,110,100,-4.0,270,0.45,8.00,1.00,Toggle,2024-04-26
Tatagane123,RTT,No,110,90,-3.0,270,0.30,8.00,1.50,Toggle,2020-05-04
Tawk,,No,109,90,-4.0,270,0.45,7.40,1.60,Toggle,2025-01-17
taysech,,No,110,100,-4.0,260,0.55,6,1.50,Toggle,2023-10-29
tcorrell,HU,No,110,90,-5.0,270,0.35,6.00,1.50,Toggle,2025-01-17
tehqoz,FB,No,110,100,-3.0,270,0.35,5.50,1.40,Toggle,2024-10-20
Tekoz,UL,No,110,90,-3.0,270,0.40,6.00,1.20,Toggle,2023-04-20
temma,,No,110,90,-4.0,270,0.40,6.50,1.70,Toggle,2021-10-22
TempoH,2D1B,No,110,100,-3.0,250,0.60,4.00,1.00,Toggle,2025-06-07
Tenhow,,No,110,100,-5.0,270,0.40,4.70,1.20,Toggle,2022-04-27
tepra,TCK,No,110,100,-3.0,280,0.35,7.00,1.20,Toggle,2023-11-09
Texo,,No,110,100,-3.0,270,0.10,2.00,2.00,Toggle,2020-05-31
Tfzu.,,No,110,90,-5.0,270,0.35,5.20,1.50,Toggle,2025-08-27
ThO.,,No,110,100,-5.0,270,0.40,7.00,1.20,Toggle,2021-03-29
The Optimistic Noob,,No,110,100,-5.0,280,0.35,5.00,1.30,Toggle,2021-10-02
Thimoinho,IRIE,No,110,100,-3.0,270,0.50,6.20,1.80,Toggle,2021-11-28
Thundah,,No,110,100,-3.0,260,0.45,5.00,1.50,Toggle,2021-07-14
Thyyder,ZNE,No,110,90,-5.00,270,0.35,3.5,1.70,Toggle,2023-10-01
Tide,IU,No,110,90,-5.0,270,0.40,5.50,1.50,Toggle,2022-09-18
tide.,MRA,No,110,90,-4.0,270,0.45,10.00,1.70,Toggle,2025-09-04
Tigreee,BPX,No,110,100,-3.0,270,0.40,4.70,1.20,Toggle,2024-10-22
timi,,No,110,110,-4.0,270,0.45,5.00,1.00,Toggle,2020-08-19
Timmy,RTT,No,110,100,-5.0,270,0.40,2.20,1.80,Toggle,2023-04-30
TimmyJS,,No,110,100,-6.0,260,0.50,5.00,1.50,Toggle,2021-10-22
Tinny,,No,108,110,-3.0,280,0.50,4.10,1.20,Toggle,2018-09-12
Titanium,GMU,No,110,110,-3.0,270,0.40,6.50,1.60,Toggle,2020-08-14
Titoh,EXE,No,110,100,-3.0,280,0.50,6.00,1.60,Toggle,2021-01-17
Tjester,,No,110,100,-3.0,270,0.50,2.50,1.00,Toggle,2022-04-10
Tkay,,No,110,100,-4.0,260,0.60,6.50,1.20,Toggle,2022-10-01
tms,NOE,No,110,90,-5.0,270,0.35,4.00,1.0,Toggle,2025-09-03
tnt.,KSU,No,110,100,-4.0,270,0.40,7.50,1.60,Toggle,2023-09-26
Toastie,,No,110,100,-5.0,270,0.45,4.50,1.30,Toggle,2023-03-03
tokyo,FFF,No,110,90,-4.0,270,0.45,7.5,1.40,Toggle,2022-07-27
Tokyo,UDEM,No,105,100,-3.0,260,0.40,3.30,1.50,Toggle,2022-05-06
Toli.,EKO,No,110,100,-3.0,270,0.30,5.50,1.50,Toggle,2024-02-16
tom,SETU,No,110,90,-4.0,270,0.35,5.00,1.70,Toggle,2025-02-17
tone,,No,110,90,-3.0,260,0.40,10.00,1.90,Toggle,2022-10-08
Tonio,,No,110,100,-5.0,270,0.40,5.00,1.40,Toggle,2022-01-02
Tool,ZOO,No,110,90,-5.0,270,0.40,7.00,1.50,Toggle,2024-04-12
TopCheese,ROX,No,110,100,-5.0,270,0.40,5.00,1.00,Toggle,2021-07-25
Torsos,WC,No,110,100,-3.0,270,0.40,10.00,1.40,Toggle,2025-02-16
Tossis.,VS,No,110,90,-3.0,270,0.35,10.00,2.00,Toggle,2025-05-04
Tox,QAD,No,110,110,-3.0,260,0.45,1.00,1.10,Toggle,2021-05-18
Toxiic,QAD,No,109,100,-4.0,270,0.40,7.00,1.30,Toggle,2022-01-09
Tr3bla,R4G,No,110,100,-3.0,260,0.35,5.60,1.70,Toggle,2025-07-05
trbo,MNN,No,109,100,-3.0,270,0.35,4.00,1.30,Toggle,2024-01-19
Trent,,No,109,90,-4.0,270,0.45,5.10,1.20,Toggle,2025-02-17
trevor,UA-G,No,110,100,-3.0,270,0.30,4.00,1.30,Toggle,2023-10-13
Trex,,No,110,100,-5.0,270,0.40,6.00,1.20,Toggle,2021-01-17
Tricky,,No,110,100,-5.0,270,0.40,6.90,1.20,Toggle,2025-02-17
trin,OMEN,No,110,90,-4.0,240,0.40,5.80,1.80,Toggle,2024-02-02
triton.,,No,110,100,-3.0,270,0.40,7.30,1.70,Toggle,2024-05-12
Trk511,TWIS,No,110,100,-5.0,270,0.40,5.70,1.00,Toggle,2024-12-08
Trook,ZTX,No,110,90,-5.0,270,0.45,6.80,1.60,Toggle,2024-04-25
Trstn,,No,110,100,-5.0,220,0.25,10.00,1.60,Toggle,2022-02-26
tulendeena,AAU,No,110,100,-4.0,260,0.50,7.00,1.20,Toggle,2020-08-04
Turbopolsa,,No,110,100,-4.0,270,0.40,4.40,1.50,Toggle,2022-01-02
Turinturo,,No,110,100,-4.00,270,0.50,7.60,1.20,Toggle,2021-06-19
turtle,UMD,No,110,100,-4.0,260,0.40,4.00,1.10,Toggle,2020-09-06
tuv,,No,110,100,-4.0,270,0.50,8.00,1.30,Toggle,2022-04-19
Tvaristo,,No,110,90,-5.0,270,0.45,5.40,1.40,Toggle,2021-07-15
Twister.,77B,No,110,100,-3.0,270,0.30,10.00,1.50,Toggle,2024-02-17
twistt,86,No,110,100,-3.0,260,0.55,10.00,2.00,Toggle,2023-02-19
Twiz,ROC,No,110,100,-5.0,270,0.40,5.00,1.00,Toggle,2021-10-17
twnzr,77B,No,110,100,-4.0,270,0.25,6.70,1.40,Toggle,2024-01-02
TxMpeR,,No,110,100,-3.0,260,0.50,6.00,1.50,Toggle,2024-02-21
Ty,,No,110,100,-4.0,270,0.40,4.20,1.20,Toggle,2019-01-12
tybu,MOM,No,110,100,-3.0,270,0.35,7.20,1.20,Toggle,2024-05-05
Tyme,,No,110,100,-4.0,270,0.50,5.30,1.00,Toggle,2021-06-05
tyro,,No,110,90,-5.0,270,0.40,5.50,1.40,Toggle,2025-04-22
Tyzai,,Yes,110,90,-4.0,270,0.40,4.70,1.80,Toggle,2024-07-24
UmBroken,TPS,No,110,100,-3.0,270,0.40,8.00,2.00,Toggle,2025-05-30
VKSailen,,No,110,110,-3.0,290,0.60,3.10,1.20,Toggle,2023-01-11
vadyy,CLNT,No,110,90,-5.0,270,0.35,6.00,1.20,Toggle,2025-03-08
valid,,No,110,90,-5.0,240,0.40,10.00,1.40,Toggle,2025-05-05
valt,,No,110,90,-3.0,270,0.45,3.00,1.60,Toggle,2022-04-27
Vano,BUH,No,110,100,-3.0,270,0.40,6.00,1.80,Toggle,2024-10-22
Vatira,KC,No,110,90,-5.0,270,0.35,7.10,1.50,Toggle,2025-06-12
Vegas,VTL,No,110,100,-3.0,270,0.40,6.60,1.30,Toggle,2022-04-18
vehxzy,MID,No,109,90,-5.0,260,0.35,10.00,1.30,Toggle,2022-08-29
Vella,EVE,No,110,110,-4.0,270,0.55,5.50,1.50,Toggle,2025-10-07
velocity,IT,No,110,100,-3.0,270,0.35,4.00,1.20,Toggle,2025-02-05
Venom,TV,No,110,110,-3.0,270,0.35,5.00,1.00,Toggle,2021-10-17
Vesh,SCC,No,108,110,-3.0,280,0.65,4.00,1.40,Toggle,2025-01-09
Viktor,GOD,No,110,100,-4.0,240,0.65,5.50,1.40,Toggle,2025-06-16
Vince,,No,110,110,-3.0,280,0.40,4.30,1.20,Toggle,2021-07-22
virtuoso,,No,110,90,-4.0,270,0.60,7.10,1.70,Toggle,2023-08-19
Vis,,No,110,100,-3.0,270,0.40,5.60,1.20,Toggle,2022-09-17
Volts,KEY,No,105,100,-3.0,310,0.50,2.00,1.00,Toggle,2020-08-22
vorceful,DR,No,110,100,-5.0,270,0.35,6.50,1.30,Toggle,2025-02-16
vortexioz,,No,110,100,-4.0,270,0.45,7.00,1.20,Toggle,2019-06-07
Vult,,No,110,110,-3.0,270,0.40,4.70,1.20,Toggle,2022-02-13
Waffle,,No,105,110,-4.0,270,0.20,2.50,1.00,Toggle,2018-09-13
Wahvey,,No,110,90,-3.0,260,0.45,5.4,1.40,Toggle,2025-01-19
waiwai,,No,110,100,-3.0,270,0.70,3.70,1.20,Toggle,2021-10-22
Walcott,BC,No,110,110,-3.0,270,0.60,6.00,2.00,Toggle,2020-03-26
WarBean,,No,110,90,-3.0,250,0.45,7.00,1.00,Toggle,2020-09-09
Waves,,No,110,90,-4.0,270,0.40,5.00,1.00,Toggle,2021-05-31
Wee_Casper,WRG,No,110,110,-5.0,270,0.40,4.70,1.50,Toggle,2025-09-11
Weins,ZEN,No,110,90,-3.0,250,0.20,6.00,1.20,Toggle,2023-05-15
wellace,STED,No,110,90,-4.0,270,0.40,5.00,1.00,Toggle,2020-05-18
wells,ZFSS,No,110,110,-5.0,280,0.50,7.00,1.90,Toggle,2022-04-27
Werty ^^,LFO,No,110,110,-4.0,260,0.60,3.50,1.80,Toggle,2022-10-08
Whale,OU,No,110,100,-3.0,270,0.45,7.00,1.60,Toggle,2022-08-29
wheat,UNLV,No,110,100,-3.0,260,0.45,7.00,1.20,Toggle,2023-02-28
Wiiilooo,,No,100,90,-4.0,270,1.00,10.00,1.70,Toggle,2022-01-24
WildFire,DC,No,110,110,-4.0,270,0.60,5.60,1.00,Toggle,2020-11-29
Willie,FLR,No,110,100,-3.0,270,0.40,10.00,1.50,Toggle,2024-03-06
wisty,AMT,No,110,100,-3.0,270,0.35,10.00,1.20,Toggle,2024-07-13
Wizz,,No,110,90,-4.0,270,0.45,10.00,1.50,Toggle,2025-01-03
Wolftic,,No,110,90,-1.0,270,0.30,7.40,1.00,Toggle,2024-02-13
WondaMike,,No,110,90,-4.0,270,0.40,5.90,1.50,Toggle,2023-10-19
Wonder,,No,110,90,-5.0,270,0.35,5.00,1.30,Toggle,2021-04-09
wovah,BST,No,110,100,-3.0,270,0.35,8.00,1.30,Toggle,2023-04-03
wozyen,SICK,No,110,90,-5.0,270,0.35,4.00,1.00,Toggle,2024-05-04
wuzy,BSU,No,110,100,-3.0,270,0.35,4.70,1.30,Toggle,2025-02-23
wylew,,No,110,100,-4.0,260,0.60,6.00,1.30,Toggle,2025-05-05
xEpt.,MF,No,110,90,-3.0,260,0.60,7.00,2.00,Toggle,2024-12-22
xel,CBL,No,110,90,-4.0,270,0.40,1.50,0.75,Toggle,2025-04-21
xpurt,,No,109,100,-3.0,270,0.45,5.50,1.30,Toggle,2023-03-03
Xyz45,BOY2,No,109,100,-3.0,270,0.50,5.50,1.30,Toggle,2023-02-06
Yagi,,No,110,100,-3.0,260,0.45,5.10,1.40,Toggle,2020-03-08
yanD,,No,110,100,-3.0,270,0.35,4.70,2.00,Toggle,2025-05-30
yANXNZ,FUR,No,110,100,-3.0,270,0.35,10.00,2.00,Toggle,2025-03-30
yas,BSCO,No,110,100,-3.0,270,0.35,6.10,1.80,Toggle,2025-07-26
Yazeed,GK,No,110,90,-5.0,270,0.35,10.00,1.50,Toggle,2023-02-16
yeatzy,,No,110,100,-2.0,260,0.55,4.70,1.20,Toggle,2018-12-20
Yis,BZAC,No,110,90,-5.0,270,0.35,6.80,1.50,Toggle,2025-05-30
YoPeGo,,No,110,80,-6.0,280,0.40,7.00,1.30,Toggle,2021-10-16
yotam,KOJI,No,110,100,-3.0,270,0.40,5.00,1.20,Toggle,2023-04-21
Youngstar,R4G,No,109,100,-3.0,260,0.60,5.00,1.70,Toggle,2024-11-14
Yousef,,No,110,90,-4.0,280,0.40,6.70,1.50,Toggle,2022-05-30
yova,CRIS,No,110,90,-5.0,270,0.30,4.00,1.00,Toggle,2025-02-07
yua,QAD,No,110,100,-3.0,270,0.35,4.30,1.20,Toggle,2025-05-02
yujin,,No,110,100,-2.00,270,0.20,4.00,1.00,Toggle,2025-03-02
Yujn,,No,110,90,-4.0,290,1.00,5.0,1.0,Toggle,2020-11-07
Yukeo,ATZE,No,109,90,-3.0,270,0.40,1.80,1.80,Toggle,2022-03-10
Yukiss,,No,110,100,-3.0,240,0.70,4.20,1.40,Toggle,2022-03-20
z4,WDK,No,110,100,-4.0,270,0.45,8.10,1.50,Toggle,2025-05-08
ZPS,,No,110,100,-3.0,270,0.35,6.0,1.60,Toggle,2024-04-02
Zamberg,OGC,No,108,110,-3.0,260,0.50,4.20,1.00,Toggle,2021-02-16
Zamué,LHDP,No,108,110,-3.0,260,0.65,7.30,1.30,Toggle,2021-08-06
Zanejackey,,No,110,90,-4.0,270,0.65,5.00,1.30,Toggle,2024-07-02
Zany,,No,110,90,-5.0,270,0.35,6.30,1.40,Toggle,2025-04-26
Zaphare,,No,110,100,-3.0,270,0.50,6.00,1.30,Toggle,2020-03-08
zath,EXE,No,110,90,-3.0,270,0.40,4.10,1.30,Toggle,2022-10-17
zayd,,No,110,100,-3.0,230,0.70,3.00,1.00,Toggle,2019-03-06
Zeddo,RR,No,110,90,-5.0,270,0.35,4.20,1.20,Toggle,2025-06-26
zeeyad,ZZZZ,No,110,90,-5.0,270,0.35,5.10,1.50,Toggle,2024-02-02
zen,VIT,No,110,100,-3.0,270,0.35,4.00,1.40,Toggle,2025-08-20
Zensuz,,No,110,110,-3.0,260,0.20,6.40,1.00,Toggle,2019-02-16
zenulous,UNSW,No,110,90,-4.0,270,0.40,5.00,1.00,Toggle,2021-02-13
Zeph.,,No,109,100,-3.0,270,0.20,5.50,1.50,Toggle,2022-05-30
zett,LNW,No,110,90,-5.0,270,0.50,7.00,2.00,Toggle,2024-04-14
Zez0nix,ROC,No,110,100,-3.0,270,0.40,6.30,1.20,Toggle,2024-08-18
zgocBrayt,FUT,No,108,110,-3.0,270,0.65,4.00,1.40,Toggle,2021-12-14
Zineel,1,No,110,90,-4.0,270,0.40,6.00,1.30,Toggle,2025-01-19
Ziyad,F16,No,110,100,-4.0,300,0.50,5.00,1.00,Toggle,2022-05-30
zol,,No,110,90,-5.0,270,0.50,6.00,1.40,Toggle,2019-06-22
zombiefreak,,No,110,100,-4.0,270,0.35,6.80,1.50,Toggle,2024-04-28
Zoor,,No,110,110,-5.0,270,0.65,6.00,1.20,Toggle,2018-12-17
ztro,BRB,No,110,90,-5.0,270,0.40,4.70,1.50,Toggle,2025-05-03
